,,,,,,,,,,,,,,,,,,,,,,,,,,,,,,,,,,,,,,,,,,,,"bonusParameters [][]   ( initital, increment for each stat)",,,,,,,,,,,,,,,,,,,,,,,,,,,,,,,,,,,,,,,,,,,,,,,,,,,,,,,,,,,,,,,,,,,,,,,,,,,,,,,,,,,,,,,,,,,,,,,,,
,,,,"minCosts [] (size, grass?, wood ?, food?, ore?, mystic?)",,,,,,,"maxCosts [] (size, grass?, wood ?, food?, ore?, mystic?)",,,,,,,prices [],,,,,,chips [],,,,,,,,,,,,,,,,recoveryRates (%),,,,,,HP,,,MP,,,Vigor,,,Atk,,,Def,,,Spd,,,Luck,,,Owned,,,Int,,,Dex,,,Gather,,,Move,,,Heart,,,,,,,,,,,,,,,minLvupCosts [],,,,,,,maxLvupCosts [],,,,,,,,,,,,,,,,,,,,,,,,,,,,,,,,,,,,,
id,name,type,exp,,,,,,,,,,,,,,,,,,dataId,combinatoin,parentChipId,,,,,wall,constructionTime,minHp,maxHp,initNum,validRange,usePriority,motion,offsetX,offsetY,offsetZ,recoveryIntervalFrame,,HP,MP,Vigor,,,,,,,,,,,,,,,,,,,,,,,,,,,,,,,,,,,,,,,,,aroundEffectCategory1,aroundEffectType1,aroundEffectMinValue1,aroundEffectMaxValue1,aroundEffectCategory2,aroundEffectType2,aroundEffectMinValue2,aroundEffectMaxValue2,aroundEffectCategory3,aroundEffectType3,aroundEffectMinValue3,aroundEffectMaxValue3,levelupItemGroupId,,,,,,,,,,,,,,,minLvupTimeSeconds,maxLvupTimeSeconds,minProductCapacity,maxProductCapacity,minProductTimeSeconds,maxProductTimeSeconds,workCostType,minWorkCost,maxWorkCost,minWorkEffect,maxWorkEffect,minWorkTimeSeconds,maxWorkTimeSeconds,capacity,maxQueue,minUseCountLimit,maxUseCountLimit,useCountLimitUnlockItemId,useCountLimitUnlockItemNum,craftTermStudioLevel,craftTermIntelligence,craftTimeSeconds,attackPriority,maxUseCountOneDay,craftGroup,explain,hintEvent,evolutionChipId,vehicleId,flag,flag
0,Thick Fog,24,10,6,0,0,0,0,0,0,6,0,0,0,0,0,0,2,1,1,-1,0,-1,0,,,,-1,0,100,1000,0,0,0,0,0,0,0,1,3,0,0,0,13,2,0,0,2,0,0,2,0,0,2,0,0,2,0,0,2,0,0,2,0,0,2,0,0,2,0,0,2,0,0,2,0,0,2,0,0,2,0,0,-1,-1,0,0,-1,-1,0,0,-1,-1,0,0,-1,6,0,0,0,0,0,0,6,0,0,0,0,0,0,120,129600,0,0,0,0,-1,0,0,0,0,0,0,1,0,0,0,-1,0,0,0,0,0,1,-1,未使用,-1,-1,-1,36700320,"no lvlup, no facility component, no valuable effect, no around effect, special facility"
1,Scheduled Construction Site,64,10,6,0,0,0,0,0,0,6,0,0,0,0,0,0,2,1,1,-1,0,-1,0,,,,-1,0,0,0,0,0,0,0,0,0,0,1,3,0,0,0,13,2,0,0,2,0,0,2,0,0,2,0,0,2,0,0,2,0,0,2,0,0,2,0,0,2,0,0,2,0,0,2,0,0,2,0,0,2,0,0,-1,-1,0,0,-1,-1,0,0,-1,-1,0,0,-1,6,0,0,0,0,0,0,6,0,0,0,0,0,0,120,129600,0,0,0,0,-1,0,0,0,0,0,0,1,0,0,0,-1,0,0,0,0,0,1,-1,未使用,-1,-1,-1,3145888,"no lvlup, no facility component, no valuable effect, no around effect"
2,Land Boundary,15,10,6,0,0,0,0,0,0,6,0,0,0,0,0,0,2,1,1,-1,0,-1,0,,,,-1,120,0,0,0,0,0,0,0,0,0,1,3,0,0,0,13,2,0,0,2,0,0,2,0,0,2,0,0,2,0,0,2,0,0,2,0,0,2,0,0,2,0,0,2,0,0,2,0,0,2,0,0,2,0,0,-1,-1,0,0,-1,-1,0,0,-1,-1,0,0,-1,6,0,0,0,0,0,0,6,0,0,0,0,0,0,120,129600,0,0,0,0,-1,0,0,0,0,0,0,1,0,0,0,-1,0,0,0,0,0,1,-1,未使用,-1,-1,-1,3145760,"no lvlup, no valuable effect, no around effect"
3,Gravel Path,19,10,6,0,0,0,0,0,0,6,0,0,0,0,0,0,2,1,1,-1,0,-1,0,,,,-1,240,0,0,0,0,0,0,0,0,0,1,3,0,0,0,13,2,0,0,2,0,0,2,0,0,2,0,0,2,0,0,2,0,0,2,0,0,2,0,0,2,0,0,2,0,0,2,0,0,2,0,0,2,0,0,-1,-1,0,0,-1,-1,0,0,-1,-1,0,0,-1,6,0,0,0,0,0,0,6,0,0,0,0,0,0,120,129600,0,0,0,0,-1,0,0,0,0,0,0,1,0,0,0,-1,0,0,0,0,0,1,-1,Boosts movement speed.,-1,-1,-1,36700192,"no lvlup, no valuable effect, no around effect, special facility"
4,Road,19,10,6,0,0,0,0,0,0,6,0,0,0,0,0,0,2,1,1,-1,0,-1,0,,,,-1,480,0,0,0,0,0,0,0,0,0,1,3,0,0,0,13,2,0,0,2,0,0,2,0,0,2,0,0,2,0,0,2,0,0,2,0,0,2,0,0,2,0,0,2,0,0,2,0,0,2,0,0,2,0,0,-1,-1,0,0,-1,-1,0,0,-1,-1,0,0,-1,6,0,0,0,0,0,0,6,0,0,0,0,0,0,120,129600,0,0,0,0,-1,0,0,0,0,0,0,1,0,0,0,-1,0,0,0,0,0,1,-1,Boosts movement speed.,-1,-1,-1,36700192,"no lvlup, no valuable effect, no around effect, special facility"
5,Bridge,6,10,6,0,0,0,0,0,0,6,0,0,0,0,0,0,2,1,1,-1,0,-1,0,,,,23,2400,0,0,0,0,0,0,0,0,0,1,3,0,0,0,13,2,0,0,2,0,0,2,0,0,2,0,0,2,0,0,2,0,0,2,0,0,2,0,0,2,0,0,2,0,0,2,0,0,2,0,0,2,0,0,-1,-1,0,0,-1,-1,0,0,-1,-1,0,0,-1,6,0,0,0,0,0,0,6,0,0,0,0,0,0,120,129600,0,0,0,0,-1,0,0,0,0,0,0,1,0,0,0,-1,0,0,0,0,0,1,-1,Builds bridges.,-1,-1,-1,36700192,"no lvlup, no valuable effect, no around effect, special facility"
6,Bridge,6,10,6,0,0,0,0,0,0,6,0,0,0,0,0,0,2,1,1,-1,0,-1,0,,,,23,2400,0,0,0,0,0,0,0,0,0,1,3,0,0,0,13,2,0,0,2,0,0,2,0,0,2,0,0,2,0,0,2,0,0,2,0,0,2,0,0,2,0,0,2,0,0,2,0,0,2,0,0,2,0,0,-1,-1,0,0,-1,-1,0,0,-1,-1,0,0,-1,6,0,0,0,0,0,0,6,0,0,0,0,0,0,120,129600,0,0,0,0,-1,0,0,0,0,0,0,1,0,0,0,-1,0,0,0,0,0,1,-1,Builds bridges.,-1,-1,-1,36700192,"no lvlup, no valuable effect, no around effect, special facility"
7,Port,33,10,6,0,0,0,0,0,0,6,0,0,0,0,0,0,2,1,1,-1,2,67,3,70,68,69,-1,1200,0,0,0,0,0,0,0,0,0,1,3,0,0,0,13,2,0,0,2,0,0,2,0,0,2,0,0,2,0,0,2,0,0,2,0,0,2,0,0,2,0,0,2,0,0,2,0,0,2,0,0,2,0,0,-1,-1,0,0,-1,-1,0,0,-1,-1,0,0,2,6,0,5,10,5,2,1,6,0,15,50,100,150,300,120,129600,0,0,0,0,3,8,20,0,0,120,1200,1,0,0,0,-1,0,0,0,0,0,1,-1,Guides visitors to town.,-1,-1,-1,36700240,"init lock, belong, no valuable effect, no around effect, special facility"
8,Port,33,10,6,0,0,0,0,0,0,6,0,0,0,0,0,0,2,1,1,-1,0,-1,0,,,,-1,1200,0,0,0,0,0,0,0,0,0,1,3,0,0,0,13,2,0,0,2,0,0,2,0,0,2,0,0,2,0,0,2,0,0,2,0,0,2,0,0,2,0,0,2,0,0,2,0,0,2,0,0,2,0,0,-1,-1,0,0,-1,-1,0,0,-1,-1,0,0,-1,6,0,0,0,0,0,0,6,0,0,0,0,0,0,120,129600,0,0,0,0,-1,0,0,0,0,0,0,1,0,0,0,-1,0,0,0,0,0,1,-1,Guides visitors to town.,-1,-1,-1,36700160,"no valuable effect, no around effect, special facility"
9,Port,33,10,6,0,0,0,0,0,0,6,0,0,0,0,0,0,2,1,1,-1,0,-1,0,,,,-1,1200,0,0,0,0,0,0,0,0,0,1,3,0,0,0,13,2,0,0,2,0,0,2,0,0,2,0,0,2,0,0,2,0,0,2,0,0,2,0,0,2,0,0,2,0,0,2,0,0,2,0,0,2,0,0,-1,-1,0,0,-1,-1,0,0,-1,-1,0,0,-1,6,0,0,0,0,0,0,6,0,0,0,0,0,0,120,129600,0,0,0,0,-1,0,0,0,0,0,0,1,0,0,0,-1,0,0,0,0,0,1,-1,Guides visitors to town.,-1,-1,-1,36700160,"no valuable effect, no around effect, special facility"
10,Port,33,10,6,0,0,0,0,0,0,6,0,0,0,0,0,0,2,1,1,-1,0,-1,0,,,,-1,1200,0,0,0,0,0,0,0,0,0,1,3,0,0,0,13,2,0,0,2,0,0,2,0,0,2,0,0,2,0,0,2,0,0,2,0,0,2,0,0,2,0,0,2,0,0,2,0,0,2,0,0,2,0,0,-1,-1,0,0,-1,-1,0,0,-1,-1,0,0,-1,6,0,0,0,0,0,0,6,0,0,0,0,0,0,120,129600,0,0,0,0,-1,0,0,0,0,0,0,1,0,0,0,-1,0,0,0,0,0,1,-1,Guides visitors to town.,-1,-1,-1,36700160,"no valuable effect, no around effect, special facility"
11,Land (S),1,10,6,0,0,0,0,0,0,6,0,0,0,0,0,0,2,1,1,-1,0,-1,0,,,,-1,0,0,0,0,0,0,0,0,0,0,1,3,0,0,0,13,2,0,0,2,0,0,2,0,0,2,0,0,2,0,0,2,0,0,2,0,0,2,0,0,2,0,0,2,0,0,2,0,0,2,0,0,2,0,0,-1,-1,0,0,-1,-1,0,0,-1,-1,0,0,-1,6,0,0,0,0,0,0,6,0,0,0,0,0,0,120,129600,0,0,0,0,-1,0,0,0,0,0,0,1,0,0,0,-1,0,0,0,0,0,1,-1,A small plot of land.,350,-1,-1,3146272,"no lvlup, land S, no valuable effect, no around effect"
12,Land (M),1,10,6,0,0,0,0,0,0,6,0,0,0,0,0,0,2,1,1,-1,0,-1,0,,,,-1,0,0,0,0,0,0,0,0,0,0,1,3,0,0,0,13,2,0,0,2,0,0,2,0,0,2,0,0,2,0,0,2,0,0,2,0,0,2,0,0,2,0,0,2,0,0,2,0,0,2,0,0,2,0,0,-1,-1,0,0,-1,-1,0,0,-1,-1,0,0,-1,6,0,0,0,0,0,0,6,0,0,0,0,0,0,120,129600,0,0,0,0,-1,0,0,0,0,0,0,1,0,0,0,-1,0,0,0,0,0,1,-1,A regular plot of land.,-1,-1,-1,3146784,"no lvlup, land M, no valuable effect, no around effect"
13,Land (L),1,10,6,0,0,0,0,0,0,6,0,0,0,0,0,0,2,1,1,-1,0,-1,0,,,,-1,0,0,0,0,0,0,0,0,0,0,1,3,0,0,0,13,2,0,0,2,0,0,2,0,0,2,0,0,2,0,0,2,0,0,2,0,0,2,0,0,2,0,0,2,0,0,2,0,0,2,0,0,2,0,0,-1,-1,0,0,-1,-1,0,0,-1,-1,0,0,-1,6,0,0,0,0,0,0,6,0,0,0,0,0,0,120,129600,0,0,0,0,-1,0,0,0,0,0,0,1,0,0,0,-1,0,0,0,0,0,1,-1,A large plot of land.,-1,-1,-1,3147808,"no lvlup, land L, no valuable effect, no around effect"
14,Land (XL),1,10,6,0,0,0,0,0,0,6,0,0,0,0,0,0,2,1,1,-1,0,-1,0,,,,-1,0,0,0,0,0,0,0,0,0,0,1,3,0,0,0,13,2,0,0,2,0,0,2,0,0,2,0,0,2,0,0,2,0,0,2,0,0,2,0,0,2,0,0,2,0,0,2,0,0,2,0,0,2,0,0,-1,-1,0,0,-1,-1,0,0,-1,-1,0,0,-1,6,0,0,0,0,0,0,6,0,0,0,0,0,0,120,129600,0,0,0,0,-1,0,0,0,0,0,0,1,0,0,0,-1,0,0,0,0,0,1,-1,A very large plot of land.,-1,-1,-1,3149856,"no lvlup, land XL, no valuable effect, no around effect"
15,Dungeon Entrance,2,10,6,0,0,0,0,0,0,6,0,0,0,0,0,0,2,1,1,-1,0,-1,0,,,,34,480,0,0,0,0,0,0,0,0,0,1,3,0,0,0,13,2,0,0,2,0,0,2,0,0,2,0,0,2,0,0,2,0,0,2,0,0,2,0,0,2,0,0,2,0,0,2,0,0,2,0,0,2,0,0,-1,-1,0,0,-1,-1,0,0,-1,-1,0,0,-1,6,0,0,0,0,0,0,6,0,0,0,0,0,0,120,129600,0,0,0,0,-1,0,0,0,0,0,0,1,0,0,0,-1,0,0,0,0,0,1,-1,未使用,-1,-1,-1,3145761,"infinite stock, no lvlup, no valuable effect, no around effect"
16,Interior Door_Unused,20,10,6,0,0,0,0,0,0,6,0,0,0,0,0,0,2,1,1,-1,0,-1,0,,,,-1,0,0,0,0,0,0,0,0,0,0,1,3,0,0,0,13,2,0,0,2,0,0,2,0,0,2,0,0,2,0,0,2,0,0,2,0,0,2,0,0,2,0,0,2,0,0,2,0,0,2,0,0,2,0,0,-1,-1,0,0,-1,-1,0,0,-1,-1,0,0,-1,6,0,0,0,0,0,0,6,0,0,0,0,0,0,120,129600,0,0,0,0,-1,0,0,0,0,0,0,1,0,0,0,-1,0,0,0,0,0,1,-1,--,-1,-1,-1,3145760,"no lvlup, no valuable effect, no around effect"
17,Town Hall,35,10,6,0,0,0,0,0,0,6,0,0,0,0,0,0,2,1,1,-1,1,58,2,59,60,,-1,0,50,500,0,15,0,0,0,0,0,1,3,0,0,0,13,2,0,0,2,0,0,2,0,0,2,0,0,2,0,0,2,0,0,2,0,0,2,0,0,2,0,0,2,0,0,2,0,0,2,0,0,2,0,0,3,-1,5,25,-1,-1,0,0,-1,-1,0,0,0,6,0,1,1,0,0,0,6,0,150,300,100,50,15,120,129600,0,0,0,0,-1,0,0,0,0,0,0,1,0,0,0,-1,0,0,0,0,35,1,-1,The heart of the entire town.,351,-1,-1,33554434,"town area expand, special facility"
18,Town Hall,42,10,6,0,0,0,0,0,0,6,0,0,0,0,0,0,2,1,1,-1,0,-1,0,,,,-1,0,0,0,0,0,0,0,0,0,0,1,3,0,0,0,13,2,0,0,2,0,0,2,0,0,2,0,0,2,0,0,2,0,0,2,0,0,2,0,0,2,0,0,2,0,0,2,0,0,2,0,0,2,0,0,-1,-1,0,0,-1,-1,0,0,-1,-1,0,0,-1,6,0,0,0,0,0,0,6,0,0,0,0,0,0,120,129600,0,0,0,0,-1,0,0,0,0,0,0,1,0,0,0,-1,0,0,0,0,0,1,-1,未使用,-1,-1,-1,36700192,"no lvlup, no valuable effect, no around effect, special facility"
19,Town Hall,40,10,6,0,0,0,0,0,0,6,0,0,0,0,0,0,2,1,1,-1,0,-1,0,,,,-1,0,0,0,0,0,0,0,0,0,0,1,3,0,0,0,13,2,0,0,2,0,0,2,0,0,2,0,0,2,0,0,2,0,0,2,0,0,2,0,0,2,0,0,2,0,0,2,0,0,2,0,0,2,0,0,-1,-1,0,0,-1,-1,0,0,-1,-1,0,0,-1,6,0,0,0,0,0,0,6,0,0,0,0,0,0,120,129600,0,0,0,0,-1,0,0,0,0,0,0,1,0,0,0,-1,0,0,0,0,0,1,-1,未使用,-1,-1,-1,36700192,"no lvlup, no valuable effect, no around effect, special facility"
20,Enemy Hall,36,10,6,0,0,0,0,0,0,6,0,0,0,0,0,0,2,1,1,-1,1,62,2,63,64,,-1,0,100,600,0,15,0,0,0,0,0,1,3,0,0,0,13,2,0,0,2,0,0,2,0,0,2,0,0,2,0,0,2,0,0,2,0,0,2,0,0,2,0,0,2,0,0,2,0,0,2,0,0,2,0,0,-1,-1,0,0,-1,-1,0,0,-1,-1,0,0,-1,6,0,0,0,0,0,0,6,0,0,0,0,0,0,120,129600,0,0,0,0,-1,0,0,0,0,0,0,1,0,0,0,-1,0,0,0,0,0,1,-1,未使用,352,-1,-1,36700192,"no lvlup, no valuable effect, no around effect, special facility"
21,Enemy Hall,43,10,6,0,0,0,0,0,0,6,0,0,0,0,0,0,2,1,1,-1,0,-1,0,,,,-1,0,0,0,0,0,0,0,0,0,0,1,3,0,0,0,13,2,0,0,2,0,0,2,0,0,2,0,0,2,0,0,2,0,0,2,0,0,2,0,0,2,0,0,2,0,0,2,0,0,2,0,0,2,0,0,-1,-1,0,0,-1,-1,0,0,-1,-1,0,0,-1,6,0,0,0,0,0,0,6,0,0,0,0,0,0,120,129600,0,0,0,0,-1,0,0,0,0,0,0,1,0,0,0,-1,0,0,0,0,0,1,-1,未使用,-1,-1,-1,36700192,"no lvlup, no valuable effect, no around effect, special facility"
22,Enemy Hall,40,10,6,0,0,0,0,0,0,6,0,0,0,0,0,0,2,1,1,-1,0,-1,0,,,,-1,0,0,0,0,0,0,0,0,0,0,1,3,0,0,0,13,2,0,0,2,0,0,2,0,0,2,0,0,2,0,0,2,0,0,2,0,0,2,0,0,2,0,0,2,0,0,2,0,0,2,0,0,2,0,0,-1,-1,0,0,-1,-1,0,0,-1,-1,0,0,-1,6,0,0,0,0,0,0,6,0,0,0,0,0,0,120,129600,0,0,0,0,-1,0,0,0,0,0,0,1,0,0,0,-1,0,0,0,0,0,1,-1,未使用,-1,-1,-1,36700192,"no lvlup, no valuable effect, no around effect, special facility"
23,Wall: Fence,21,10,6,0,1,0,0,0,0,6,0,10,0,0,0,0,2,1,1,-1,0,-1,0,,,,29,240,15,315,10,0,0,0,0,0,0,1,3,0,0,0,13,2,0,0,2,0,0,2,0,0,2,0,0,2,0,0,2,0,0,2,0,0,2,0,0,2,0,0,2,0,0,2,0,0,2,0,0,2,0,0,0,10,5,25,-1,-1,0,0,-1,-1,0,0,3,6,0,1,0,0,0,0,6,0,80,14,12,10,8,120,129600,0,0,0,0,-1,0,0,0,0,0,0,1,0,0,0,-1,0,0,0,0,30,1,-1,Slightly helps defend the town from attack.,-1,-1,-1,0,
24,Wall: Wood,21,10,6,0,0,2,0,0,0,6,0,0,18,0,0,0,2,1,1,-1,0,-1,0,,,,27,960,40,430,0,0,0,0,0,0,0,1,3,0,0,0,13,2,0,0,2,0,0,2,0,0,2,0,0,2,0,0,2,0,0,2,0,0,2,0,0,2,0,0,2,0,0,2,0,0,2,0,0,2,0,0,0,12,5,25,-1,-1,0,0,-1,-1,0,0,3,6,0,0,2,0,0,0,6,0,15,80,12,10,8,120,129600,0,0,0,0,-1,0,0,0,0,0,0,1,0,0,0,-1,0,0,0,0,30,1,-1,Moderately helps defend the town from attack.,-1,-1,-1,0,
25,Defensive Wall,21,10,6,0,0,2,0,2,0,6,0,0,18,0,14,0,2,1,1,-1,0,-1,0,,,,25,480,65,650,0,0,0,0,0,0,0,1,3,0,0,0,13,2,0,0,2,0,0,2,0,0,2,0,0,2,0,0,2,0,0,2,0,0,2,0,0,2,0,0,2,0,0,2,0,0,2,0,0,2,0,0,0,14,5,25,-1,-1,0,0,-1,-1,0,0,3,6,0,0,2,0,2,0,6,0,15,80,12,65,8,120,129600,0,0,0,0,-1,0,0,0,0,0,0,1,0,0,0,-1,0,0,0,0,30,1,-1,Decently helps defend the town from attack.,-1,-1,-1,0,
26,Castle Wall,21,10,6,0,0,0,0,3,1,6,0,0,0,0,21,6,2,1,1,-1,0,-1,0,,,,26,720,90,975,0,0,0,0,0,0,0,1,3,0,0,0,13,2,0,0,2,0,0,2,0,0,2,0,0,2,0,0,2,0,0,2,0,0,2,0,0,2,0,0,2,0,0,2,0,0,2,0,0,2,0,0,0,15,5,25,-1,-1,0,0,-1,-1,0,0,3,6,0,0,0,0,3,1,6,0,15,14,12,70,50,120,129600,0,0,0,0,-1,0,0,0,0,0,0,1,0,0,0,-1,0,0,0,0,30,1,-1,Remarkably helps defend the town from attack.,-1,-1,-1,0,
27,Enemy's Wall,58,10,6,0,0,0,0,0,0,6,0,0,0,0,0,0,2,1,1,-1,0,-1,0,,,,28,720,35,640,0,0,0,0,0,0,0,1,3,0,0,0,13,2,0,0,2,0,0,2,0,0,2,0,0,2,0,0,2,0,0,2,0,0,2,0,0,2,0,0,2,0,0,2,0,0,2,0,0,2,0,0,-1,-1,0,0,-1,-1,0,0,-1,-1,0,0,-1,6,0,0,0,0,0,0,6,0,15,14,12,10,8,120,129600,0,0,0,0,-1,0,0,0,0,0,0,1,0,0,0,-1,0,0,0,0,0,1,-1,未使用,-1,-1,-1,3145760,"no lvlup, no valuable effect, no around effect"
28,Gate,41,10,6,0,1,3,0,0,0,6,0,10,27,0,0,0,2,1,1,-1,0,-1,0,,,,35,240,25,600,0,0,0,0,0,0,0,1,3,0,0,0,13,2,0,0,2,0,0,2,0,0,2,0,0,2,0,0,2,0,0,2,0,0,2,0,0,2,0,0,2,0,0,2,0,0,2,0,0,2,0,0,3,-1,5,25,-1,-1,0,0,-1,-1,0,0,3,6,0,1,3,0,0,0,6,0,80,85,12,10,8,120,129600,0,0,0,0,-1,0,0,0,0,0,0,1,0,0,0,-1,0,0,0,0,25,1,-1,A gate in your defensive walls.,353,-1,-1,0,
29,Torch,53,10,6,0,0,3,0,0,0,6,0,0,27,0,0,0,2,1,1,-1,0,-1,0,,,,-1,720,15,560,0,7,0,0,0,0,0,1,3,0,0,0,13,2,0,0,2,0,0,2,0,0,2,0,0,2,0,0,2,0,0,2,0,0,2,0,0,2,0,0,2,0,0,2,0,0,2,0,0,2,0,0,0,19,5,25,0,22,2,15,-1,-1,0,0,4,6,0,0,3,0,0,0,6,0,15,85,12,10,8,120,129600,0,0,0,0,-1,0,0,0,0,0,0,1,0,0,0,-1,0,0,0,0,250,1,-1,Expands your territory a little.,354,-1,-1,33554434,"town area expand, special facility"
30,Nighttime Meeting Place,59,10,6,0,3,4,0,0,0,6,0,30,36,0,0,0,2,1,1,-1,0,-1,0,,,,-1,240,25,600,0,8,0,0,0,0,0,1,3,0,0,0,13,2,0,0,2,0,0,2,0,0,2,0,0,2,0,0,2,0,0,2,0,0,2,0,0,2,0,0,2,0,0,2,0,0,2,0,0,2,0,0,0,18,5,25,0,22,2,15,-1,-1,0,0,4,6,0,3,4,0,0,0,6,0,90,90,12,10,8,120,129600,0,0,0,0,-1,0,0,0,0,0,0,1,0,0,0,-1,0,0,0,0,250,1,-1,Expands your territory a little.,355,-1,-1,33554434,"town area expand, special facility"
31,Low Watchtower,16,10,6,0,5,8,0,0,0,6,0,50,72,0,0,0,2,1,1,-1,0,-1,0,,,,-1,720,40,660,0,10,0,0,0,0,0,1,3,0,0,0,13,2,0,0,2,0,0,2,0,0,2,0,0,2,0,0,2,0,0,2,0,0,2,0,0,2,0,0,2,0,0,2,0,0,2,0,0,2,0,0,0,20,5,25,0,22,2,15,-1,-1,0,0,4,6,0,5,8,0,0,0,6,0,100,110,12,10,8,120,129600,0,0,0,0,-1,0,0,0,0,0,0,1,0,0,0,-1,0,0,0,0,350,1,-1,Expands your territory a little.,356,-1,-1,33562626,"town area expand, assignable, special facility"
32,Turret,16,10,6,0,7,11,0,0,0,6,0,70,99,0,0,0,2,1,1,-1,0,-1,0,,,,-1,1200,65,760,0,12,0,0,0,0,0,1,3,0,0,0,13,2,0,0,2,0,0,2,0,0,2,0,0,2,0,0,2,0,0,2,0,0,2,0,0,2,0,0,2,0,0,2,0,0,2,0,0,2,0,0,0,21,5,25,0,22,2,15,-1,-1,0,0,4,6,0,7,11,0,0,0,6,0,110,125,12,10,8,120,129600,0,0,0,0,-1,0,0,0,0,0,0,1,0,0,0,-1,0,0,0,0,500,1,-1,Expands your territory a little.,357,-1,-1,33562626,"town area expand, assignable, special facility"
33,Storehouse (Grass),17,10,6,0,2,0,0,0,0,6,0,20,0,0,0,0,2,1,1,0,0,-1,0,,,,19,1440,15,515,0,0,0,0,0,0,0,1,3,0,0,0,13,2,0,0,2,0,0,2,0,0,2,0,0,2,0,0,2,0,0,2,0,0,2,0,0,2,0,0,2,0,0,2,0,0,2,0,0,2,0,0,-1,-1,0,0,-1,-1,0,0,-1,-1,0,0,5,6,0,2,0,0,0,0,6,0,85,14,12,10,8,120,129600,0,0,0,0,-1,0,0,0,0,0,0,1,0,0,0,-1,0,0,0,0,200,1,-1,Used to store <pic=grass> in town.,-1,-1,-1,0,
34,Storehouse (Food),17,10,6,0,0,0,2,0,0,6,0,0,0,16,0,0,2,1,1,2,0,-1,0,,,,20,960,15,515,0,0,0,0,0,0,0,1,3,0,0,0,13,2,0,0,2,0,0,2,0,0,2,0,0,2,0,0,2,0,0,2,0,0,2,0,0,2,0,0,2,0,0,2,0,0,2,0,0,2,0,0,-1,-1,0,0,-1,-1,0,0,-1,-1,0,0,5,6,0,0,0,2,0,0,6,0,15,14,70,10,8,120,129600,0,0,0,0,-1,0,0,0,0,0,0,1,0,0,0,-1,0,0,0,0,180,1,-1,Used to store <pic=food> in town.,-1,-1,-1,0,
35,Storehouse (Wood),17,10,6,0,0,2,0,0,0,6,0,0,18,0,0,0,2,1,1,1,0,-1,0,,,,16,720,15,515,0,0,0,0,0,0,0,1,3,0,0,0,13,2,0,0,2,0,0,2,0,0,2,0,0,2,0,0,2,0,0,2,0,0,2,0,0,2,0,0,2,0,0,2,0,0,2,0,0,2,0,0,-1,-1,0,0,-1,-1,0,0,-1,-1,0,0,5,6,0,0,2,0,0,0,6,0,15,80,12,10,8,120,129600,0,0,0,0,-1,0,0,0,0,0,0,1,0,0,0,-1,0,0,0,0,160,1,-1,Used to store <pic=wood> in town.,-1,-1,-1,0,
36,Storehouse (Ore),17,10,6,0,0,0,0,2,0,6,0,0,0,0,14,0,2,1,1,3,0,-1,0,,,,17,720,15,515,0,0,0,0,0,0,0,1,3,0,0,0,13,2,0,0,2,0,0,2,0,0,2,0,0,2,0,0,2,0,0,2,0,0,2,0,0,2,0,0,2,0,0,2,0,0,2,0,0,2,0,0,-1,-1,0,0,-1,-1,0,0,-1,-1,0,0,5,6,0,0,0,0,2,0,6,0,15,14,12,65,8,120,129600,0,0,0,0,-1,0,0,0,0,0,0,1,0,0,0,-1,0,0,0,0,140,1,-1,Used to store <pic=iron> in town.,-1,-1,-1,0,
37,Storehouse (Mystic Ore),17,10,6,0,0,0,0,0,2,6,0,0,0,0,0,12,2,1,1,4,0,-1,0,,,,18,1440,15,515,0,0,0,0,0,0,0,1,3,0,0,0,13,2,0,0,2,0,0,2,0,0,2,0,0,2,0,0,2,0,0,2,0,0,2,0,0,2,0,0,2,0,0,2,0,0,2,0,0,2,0,0,-1,-1,0,0,-1,-1,0,0,-1,-1,0,0,5,6,0,0,0,0,0,2,6,0,15,14,12,10,55,120,129600,0,0,0,0,-1,0,0,0,0,0,0,1,0,0,0,-1,0,0,0,0,120,1,-1,Used to store <pic=magic> in town.,-1,-1,-1,0,
38,Storehouse (Items),17,10,6,0,2,0,0,0,0,6,0,20,0,0,0,0,2,1,1,7,0,-1,0,,,,49,1440,30,530,0,0,0,0,0,0,0,1,3,0,0,0,13,2,0,0,2,0,0,2,0,0,2,0,0,2,0,0,2,0,0,2,0,0,2,0,0,2,0,0,2,0,0,2,0,0,2,0,0,2,0,0,-1,-1,0,0,-1,-1,0,0,-1,-1,0,0,5,6,0,2,0,0,0,0,6,0,85,14,12,10,8,120,129600,0,0,0,0,-1,0,0,0,0,0,0,1,0,0,0,-1,0,0,0,0,100,1,-1,Used to store Items in town.,358,-1,-1,0,
39,Storehouse (Energy),17,10,6,0,0,2,1,0,0,6,0,0,18,8,0,0,2,1,1,5,0,-1,0,,,,47,1440,30,530,0,0,0,0,0,0,0,1,3,0,0,0,13,2,0,0,2,0,0,2,0,0,2,0,0,2,0,0,2,0,0,2,0,0,2,0,0,2,0,0,2,0,0,2,0,0,2,0,0,2,0,0,-1,-1,0,0,-1,-1,0,0,-1,-1,0,0,5,6,0,0,2,1,0,0,6,0,15,80,65,10,8,120,129600,0,0,0,0,-1,0,0,0,0,0,0,1,0,0,0,-1,0,0,0,0,80,1,-1,Used to store Energy in town.,359,-1,-1,0,
40,Storehouse (Treasure),17,10,6,0,0,1,0,2,0,6,0,0,9,0,14,0,2,1,1,6,0,-1,0,,,,48,1440,30,530,0,0,0,0,0,0,0,1,3,0,0,0,13,2,0,0,2,0,0,2,0,0,2,0,0,2,0,0,2,0,0,2,0,0,2,0,0,2,0,0,2,0,0,2,0,0,2,0,0,2,0,0,-1,-1,0,0,-1,-1,0,0,-1,-1,0,0,5,6,0,0,1,0,2,0,6,0,15,75,12,65,8,120,129600,0,0,0,0,-1,0,0,0,0,0,0,1,0,0,0,-1,0,0,0,0,60,1,-1,Used to store Treasure in town.,360,-1,-1,0,
41,Canal,22,10,6,0,3,5,0,0,0,6,0,30,45,0,0,0,2,1,1,-1,0,-1,0,,,,22,960,10,510,0,0,300,23,-5,-8,9,1,3,10,10,10,13,2,0,0,2,0,0,2,0,0,2,0,0,2,0,0,2,0,0,2,0,0,2,0,0,2,5,8,2,5,8,2,5,8,2,5,8,2,5,8,3,-1,5,25,-1,-1,0,0,-1,-1,0,0,5,6,0,0,0,0,0,0,6,0,15,14,12,10,8,120,129600,0,0,0,0,-1,0,0,0,0,5,5,1,0,0,0,-1,0,0,0,0,50,1,25,Produces fish.,361,-1,-1,137363492,"use, no lvlup, no valuable effect, no around effect, extra recovery facility"
42,Field,18,10,6,0,1,0,2,0,0,6,0,10,0,16,0,0,2,1,1,89,0,-1,0,,,,24,480,10,510,0,0,0,0,0,0,0,1,3,0,0,0,13,2,0,0,2,0,0,2,0,0,2,0,0,2,0,0,2,0,0,2,0,0,2,0,0,2,0,0,2,0,0,2,0,0,2,0,0,2,0,0,3,-1,5,25,-1,-1,0,0,-1,-1,0,0,6,6,0,1,0,2,0,0,6,0,80,14,70,10,8,120,129600,0,0,0,0,-1,0,0,0,0,0,0,1,0,8,99,71,1,0,0,0,100,1,-1,Produces <pic=grass>.,362,-1,-1,0,
43,Plantation,18,10,6,0,1,3,0,0,0,6,0,10,27,0,0,0,2,1,1,92,0,-1,0,,,,24,480,10,510,0,0,0,0,0,0,0,1,3,0,0,0,13,2,0,0,2,0,0,2,0,0,2,0,0,2,0,0,2,0,0,2,0,0,2,0,0,2,0,0,2,0,0,2,0,0,2,0,0,2,0,0,3,-1,5,25,-1,-1,0,0,-1,-1,0,0,6,6,0,1,3,0,0,0,6,0,80,85,12,10,8,120,129600,0,0,0,0,-1,0,0,0,0,0,0,1,0,8,99,72,1,0,0,0,100,1,-1,Produces <pic=wood>.,363,-1,-1,0,
44,Ranch,25,10,6,0,5,10,0,0,0,6,0,50,90,0,0,0,2,1,1,-1,0,-1,0,,,,21,480,10,510,0,0,0,0,0,0,0,1,3,0,0,0,13,2,0,0,2,0,0,2,0,0,2,0,0,2,0,0,2,0,0,2,0,0,2,0,0,2,0,0,2,0,0,2,0,0,2,0,0,2,0,0,3,-1,5,25,-1,-1,0,0,-1,-1,0,0,6,6,0,5,10,0,0,0,6,0,100,120,12,10,8,120,129600,0,0,0,0,-1,0,0,0,0,0,0,1,0,0,0,-1,0,0,0,0,100,1,-1,Used by farmers to produce <pic=food>.,364,-1,-1,3145728,"no valuable effect, no around effect"
45,Mine: Ore,62,10,6,0,0,3,0,5,0,6,0,0,27,0,35,0,2,1,1,3,0,-1,0,,,,-1,1440,10,510,0,0,0,0,0,0,0,1,3,0,0,0,13,2,0,0,2,0,0,2,0,0,2,0,0,2,0,0,2,0,0,2,0,0,2,0,0,2,0,0,2,0,0,2,0,0,2,0,0,2,0,0,-1,-1,0,0,-1,-1,0,0,-1,-1,0,0,6,6,0,0,3,0,5,0,6,0,15,85,12,80,8,120,129600,20,150,900,900,-1,0,0,1,5,30,10,3,0,0,0,-1,0,0,0,0,100,1,-1,Produces <pic=iron>.,365,-1,-1,3153920,"assignable, no valuable effect, no around effect"
46,Mine: Mystic Ore,62,10,6,0,0,0,0,5,8,6,0,0,0,0,35,48,2,1,1,4,0,-1,0,,,,-1,1440,10,510,0,0,0,0,0,0,0,1,3,0,0,0,13,2,0,0,2,0,0,2,0,0,2,0,0,2,0,0,2,0,0,2,0,0,2,0,0,2,0,0,2,0,0,2,0,0,2,0,0,2,0,0,-1,-1,0,0,-1,-1,0,0,-1,-1,0,0,6,6,0,0,0,0,5,8,6,0,15,14,12,80,85,120,129600,10,75,1800,1800,-1,0,0,1,3,30,10,3,0,0,0,-1,0,0,0,0,100,1,-1,Produces <pic=magic>.,366,-1,-1,3153920,"assignable, no valuable effect, no around effect"
47,Mine: Energy,60,10,6,0,0,3,5,0,0,6,0,0,27,40,0,0,2,1,1,-1,0,-1,0,,,,-1,480,20,520,0,0,0,0,0,0,0,1,3,0,0,0,13,2,0,0,2,0,0,2,0,0,2,0,0,2,0,0,2,0,0,2,0,0,2,0,0,2,0,0,2,0,0,2,0,0,2,0,0,2,0,0,-1,-1,0,0,-1,-1,0,0,-1,-1,0,0,6,6,0,0,3,5,0,0,6,0,15,85,85,10,8,120,129600,50,1000,6000,60000,-1,0,0,0,0,0,0,1,0,0,0,-1,0,0,0,0,200,1,-1,Used to gather Energy.,367,-1,-1,0,
48,Floor,3,10,6,0,0,0,0,0,0,6,0,0,0,0,0,0,2,1,1,-1,0,-1,0,,,,0,720,0,0,0,0,0,0,0,0,0,1,3,0,0,0,13,2,0,0,2,0,0,2,0,0,2,0,0,2,0,0,2,0,0,2,0,0,2,0,0,2,0,0,2,0,0,2,0,0,2,0,0,2,0,0,-1,-1,0,0,-1,-1,0,0,-1,-1,0,0,-1,6,0,0,0,0,0,0,6,0,15,14,12,10,8,120,129600,0,0,0,0,-1,0,0,0,0,0,0,1,0,0,0,-1,0,0,0,0,0,1,-1,未使用,-1,-1,-1,3145760,"no lvlup, no valuable effect, no around effect"
49,Floor,3,10,6,0,0,0,0,0,0,6,0,0,0,0,0,0,2,1,1,-1,0,-1,0,,,,1,720,0,0,0,0,0,0,0,0,0,1,3,0,0,0,13,2,0,0,2,0,0,2,0,0,2,0,0,2,0,0,2,0,0,2,0,0,2,0,0,2,0,0,2,0,0,2,0,0,2,0,0,2,0,0,-1,-1,0,0,-1,-1,0,0,-1,-1,0,0,-1,6,0,0,0,0,0,0,6,0,15,14,12,10,8,120,129600,0,0,0,0,-1,0,0,0,0,0,0,1,0,0,0,-1,0,0,0,0,0,1,-1,未使用,-1,-1,-1,3145760,"no lvlup, no valuable effect, no around effect"
50,Floor,3,10,6,0,0,0,0,0,0,6,0,0,0,0,0,0,2,1,1,-1,0,-1,0,,,,2,720,0,0,0,0,0,0,0,0,0,1,3,0,0,0,13,2,0,0,2,0,0,2,0,0,2,0,0,2,0,0,2,0,0,2,0,0,2,0,0,2,0,0,2,0,0,2,0,0,2,0,0,2,0,0,-1,-1,0,0,-1,-1,0,0,-1,-1,0,0,-1,6,0,0,0,0,0,0,6,0,15,14,12,10,8,120,129600,0,0,0,0,-1,0,0,0,0,0,0,1,0,0,0,-1,0,0,0,0,0,1,-1,未使用,-1,-1,-1,3145760,"no lvlup, no valuable effect, no around effect"
51,Floor,3,10,6,0,0,0,0,0,0,6,0,0,0,0,0,0,2,1,1,-1,0,-1,0,,,,3,720,0,0,0,0,0,0,0,0,0,1,3,0,0,0,13,2,0,0,2,0,0,2,0,0,2,0,0,2,0,0,2,0,0,2,0,0,2,0,0,2,0,0,2,0,0,2,0,0,2,0,0,2,0,0,-1,-1,0,0,-1,-1,0,0,-1,-1,0,0,-1,6,0,0,0,0,0,0,6,0,15,14,12,10,8,120,129600,0,0,0,0,-1,0,0,0,0,0,0,1,0,0,0,-1,0,0,0,0,0,1,-1,未使用,-1,-1,-1,3145760,"no lvlup, no valuable effect, no around effect"
52,Floor,3,10,6,0,0,0,0,0,0,6,0,0,0,0,0,0,2,1,1,-1,0,-1,0,,,,4,720,0,0,0,0,0,0,0,0,0,1,3,0,0,0,13,2,0,0,2,0,0,2,0,0,2,0,0,2,0,0,2,0,0,2,0,0,2,0,0,2,0,0,2,0,0,2,0,0,2,0,0,2,0,0,-1,-1,0,0,-1,-1,0,0,-1,-1,0,0,-1,6,0,0,0,0,0,0,6,0,15,14,12,10,8,120,129600,0,0,0,0,-1,0,0,0,0,0,0,1,0,0,0,-1,0,0,0,0,0,1,-1,未使用,-1,-1,-1,3145760,"no lvlup, no valuable effect, no around effect"
53,Floor,3,10,6,0,0,0,0,0,0,6,0,0,0,0,0,0,2,1,1,-1,0,-1,0,,,,5,720,0,0,0,0,0,0,0,0,0,1,3,0,0,0,13,2,0,0,2,0,0,2,0,0,2,0,0,2,0,0,2,0,0,2,0,0,2,0,0,2,0,0,2,0,0,2,0,0,2,0,0,2,0,0,-1,-1,0,0,-1,-1,0,0,-1,-1,0,0,-1,6,0,0,0,0,0,0,6,0,15,14,12,10,8,120,129600,0,0,0,0,-1,0,0,0,0,0,0,1,0,0,0,-1,0,0,0,0,0,1,-1,未使用,-1,-1,-1,3145760,"no lvlup, no valuable effect, no around effect"
54,Floor,3,10,6,0,0,0,0,0,0,6,0,0,0,0,0,0,2,1,1,-1,0,-1,0,,,,6,720,0,0,0,0,0,0,0,0,0,1,3,0,0,0,13,2,0,0,2,0,0,2,0,0,2,0,0,2,0,0,2,0,0,2,0,0,2,0,0,2,0,0,2,0,0,2,0,0,2,0,0,2,0,0,-1,-1,0,0,-1,-1,0,0,-1,-1,0,0,-1,6,0,0,0,0,0,0,6,0,15,14,12,10,8,120,129600,0,0,0,0,-1,0,0,0,0,0,0,1,0,0,0,-1,0,0,0,0,0,1,-1,未使用,-1,-1,-1,3145760,"no lvlup, no valuable effect, no around effect"
55,Floor,3,10,6,0,0,0,0,0,0,6,0,0,0,0,0,0,2,1,1,-1,0,-1,0,,,,7,720,0,0,0,0,0,0,0,0,0,1,3,0,0,0,13,2,0,0,2,0,0,2,0,0,2,0,0,2,0,0,2,0,0,2,0,0,2,0,0,2,0,0,2,0,0,2,0,0,2,0,0,2,0,0,-1,-1,0,0,-1,-1,0,0,-1,-1,0,0,-1,6,0,0,0,0,0,0,6,0,15,14,12,10,8,120,129600,0,0,0,0,-1,0,0,0,0,0,0,1,0,0,0,-1,0,0,0,0,0,1,-1,未使用,-1,-1,-1,3145760,"no lvlup, no valuable effect, no around effect"
56,Floor,3,10,6,0,0,0,0,0,0,6,0,0,0,0,0,0,2,1,1,-1,0,-1,0,,,,8,720,0,0,0,0,0,0,0,0,0,1,3,0,0,0,13,2,0,0,2,0,0,2,0,0,2,0,0,2,0,0,2,0,0,2,0,0,2,0,0,2,0,0,2,0,0,2,0,0,2,0,0,2,0,0,-1,-1,0,0,-1,-1,0,0,-1,-1,0,0,-1,6,0,0,0,0,0,0,6,0,15,14,12,10,8,120,129600,0,0,0,0,-1,0,0,0,0,0,0,1,0,0,0,-1,0,0,0,0,0,1,-1,未使用,-1,-1,-1,3145760,"no lvlup, no valuable effect, no around effect"
57,Floor,3,10,6,0,0,0,0,0,0,6,0,0,0,0,0,0,2,1,1,-1,0,-1,0,,,,9,720,0,0,0,0,0,0,0,0,0,1,3,0,0,0,13,2,0,0,2,0,0,2,0,0,2,0,0,2,0,0,2,0,0,2,0,0,2,0,0,2,0,0,2,0,0,2,0,0,2,0,0,2,0,0,-1,-1,0,0,-1,-1,0,0,-1,-1,0,0,-1,6,0,0,0,0,0,0,6,0,15,14,12,10,8,120,129600,0,0,0,0,-1,0,0,0,0,0,0,1,0,0,0,-1,0,0,0,0,0,1,-1,未使用,-1,-1,-1,3145760,"no lvlup, no valuable effect, no around effect"
58,Floor,3,10,6,0,0,0,0,0,0,6,0,0,0,0,0,0,2,1,1,-1,0,-1,0,,,,10,720,0,0,0,0,0,0,0,0,0,1,3,0,0,0,13,2,0,0,2,0,0,2,0,0,2,0,0,2,0,0,2,0,0,2,0,0,2,0,0,2,0,0,2,0,0,2,0,0,2,0,0,2,0,0,-1,-1,0,0,-1,-1,0,0,-1,-1,0,0,-1,6,0,0,0,0,0,0,6,0,15,14,12,10,8,120,129600,0,0,0,0,-1,0,0,0,0,0,0,1,0,0,0,-1,0,0,0,0,0,1,-1,未使用,-1,-1,-1,3145760,"no lvlup, no valuable effect, no around effect"
59,Floor,3,10,6,0,0,0,0,0,0,6,0,0,0,0,0,0,2,1,1,-1,0,-1,0,,,,12,720,0,0,0,0,0,0,0,0,0,1,3,0,0,0,13,2,0,0,2,0,0,2,0,0,2,0,0,2,0,0,2,0,0,2,0,0,2,0,0,2,0,0,2,0,0,2,0,0,2,0,0,2,0,0,-1,-1,0,0,-1,-1,0,0,-1,-1,0,0,-1,6,0,0,0,0,0,0,6,0,15,14,12,10,8,120,129600,0,0,0,0,-1,0,0,0,0,0,0,1,0,0,0,-1,0,0,0,0,0,1,-1,未使用,-1,-1,-1,3145760,"no lvlup, no valuable effect, no around effect"
60,Floor,3,10,6,0,0,0,0,0,0,6,0,0,0,0,0,0,2,1,1,-1,0,-1,0,,,,13,720,0,0,0,0,0,0,0,0,0,1,3,0,0,0,13,2,0,0,2,0,0,2,0,0,2,0,0,2,0,0,2,0,0,2,0,0,2,0,0,2,0,0,2,0,0,2,0,0,2,0,0,2,0,0,-1,-1,0,0,-1,-1,0,0,-1,-1,0,0,-1,6,0,0,0,0,0,0,6,0,15,14,12,10,8,120,129600,0,0,0,0,-1,0,0,0,0,0,0,1,0,0,0,-1,0,0,0,0,0,1,-1,未使用,-1,-1,-1,3145760,"no lvlup, no valuable effect, no around effect"
61,Floor,3,10,6,0,0,0,0,0,0,6,0,0,0,0,0,0,2,1,1,-1,0,-1,0,,,,51,720,0,0,0,0,0,0,0,0,0,1,3,0,0,0,13,2,0,0,2,0,0,2,0,0,2,0,0,2,0,0,2,0,0,2,0,0,2,0,0,2,0,0,2,0,0,2,0,0,2,0,0,2,0,0,-1,-1,0,0,-1,-1,0,0,-1,-1,0,0,-1,6,0,0,0,0,0,0,6,0,15,14,12,10,8,120,129600,0,0,0,0,-1,0,0,0,0,0,0,1,0,0,0,-1,0,0,0,0,0,1,-1,未使用,-1,-1,-1,3145760,"no lvlup, no valuable effect, no around effect"
62,Floor,3,10,6,0,0,0,0,0,0,6,0,0,0,0,0,0,2,1,1,-1,0,-1,0,,,,14,720,0,0,0,0,0,0,0,0,0,1,3,0,0,0,13,2,0,0,2,0,0,2,0,0,2,0,0,2,0,0,2,0,0,2,0,0,2,0,0,2,0,0,2,0,0,2,0,0,2,0,0,2,0,0,-1,-1,0,0,-1,-1,0,0,-1,-1,0,0,-1,6,0,0,0,0,0,0,6,0,15,14,12,10,8,120,129600,0,0,0,0,-1,0,0,0,0,0,0,1,0,0,0,-1,0,0,0,0,0,1,-1,未使用,-1,-1,-1,3145760,"no lvlup, no valuable effect, no around effect"
63,Entrance,2,10,6,0,0,0,0,0,0,6,0,0,0,0,0,0,2,1,1,-1,0,-1,0,,,,-1,120,10,1000,0,0,0,0,0,0,0,1,3,0,0,0,13,2,0,0,2,0,0,2,0,0,2,0,0,2,0,0,2,0,0,2,0,0,2,0,0,2,0,0,2,0,0,2,0,0,2,0,0,2,0,0,-1,-1,0,0,-1,-1,0,0,-1,-1,0,0,-1,6,0,0,0,0,0,0,6,0,15,14,12,10,8,120,129600,0,0,0,0,-1,0,0,0,0,0,0,1,0,0,0,-1,0,0,0,0,0,1,-1,--,-1,-1,-1,3145761,"infinite stock, no lvlup, no valuable effect, no around effect"
64,#N/A,34,10,6,0,0,0,0,0,0,6,0,0,0,0,0,0,2,1,1,-1,0,-1,0,,,,-1,0,50,1000,0,0,0,0,0,0,0,1,3,0,0,0,13,2,0,0,2,0,0,2,0,0,2,0,0,2,0,0,2,0,0,2,0,0,2,0,0,2,0,0,2,0,0,2,0,0,2,0,0,2,0,0,-1,-1,0,0,-1,-1,0,0,-1,-1,0,0,-1,6,0,0,0,0,0,0,6,0,15,14,12,10,8,120,129600,0,0,0,0,-1,0,0,0,0,0,0,1,0,0,0,-1,0,0,0,0,0,1,-1,未使用,368,-1,-1,36700192,"no lvlup, no valuable effect, no around effect, special facility"
65,#N/A,34,10,6,0,0,0,0,0,0,6,0,0,0,0,0,0,2,1,1,-1,0,-1,0,,,,-1,0,50,1000,0,0,0,0,0,0,0,1,3,0,0,0,13,2,0,0,2,0,0,2,0,0,2,0,0,2,0,0,2,0,0,2,0,0,2,0,0,2,0,0,2,0,0,2,0,0,2,0,0,2,0,0,-1,-1,0,0,-1,-1,0,0,-1,-1,0,0,-1,6,0,0,0,0,0,0,6,0,15,14,12,10,8,120,129600,0,0,0,0,-1,0,0,0,0,0,0,1,0,0,0,-1,0,0,0,0,0,1,-1,未使用,369,-1,-1,36700192,"no lvlup, no valuable effect, no around effect, special facility"
66,Wharf,48,10,6,0,2,4,0,0,0,6,0,20,36,0,0,0,2,1,1,-1,0,-1,0,,,,-1,1200,5,500,0,0,0,0,0,0,0,1,3,0,0,0,13,2,0,0,2,0,0,2,0,0,2,0,0,2,0,0,2,0,0,2,0,0,2,0,0,2,0,0,2,0,0,2,0,0,2,0,0,2,0,0,-1,-1,0,0,-1,-1,0,0,-1,-1,0,0,7,6,0,2,4,0,0,0,6,0,85,90,12,10,8,120,129600,0,0,0,0,-1,0,0,0,0,5,5,1,0,0,0,-1,0,0,0,0,0,1,-1,Has an effect on the surrounding area.,370,-1,3,0,
67,Well,38,10,6,0,1,2,0,0,0,6,0,10,18,0,0,0,2,1,1,-1,0,-1,0,,,,-1,480,5,500,0,0,200,23,-8,0,7,1,3,5,5,10,13,2,0,0,2,0,0,2,0,0,2,0,0,2,0,0,2,0,0,2,5,3,2,0,0,2,0,0,2,5,3,2,5,3,2,0,0,2,0,0,1,-1,5,25,-1,-1,0,0,-1,-1,0,0,7,6,0,1,2,0,0,0,6,0,80,80,12,10,8,120,129600,0,0,0,0,-1,0,0,0,0,5,5,1,0,0,0,-1,0,0,0,0,100,1,20,Makes MP and Vigor recover faster.,371,-1,-1,134217732,"use, extra recovery facility"
68,Info Board,54,10,6,0,0,2,0,0,0,6,0,0,18,0,0,0,2,1,1,-1,0,-1,0,,,,-1,480,5,500,0,10,0,0,0,0,0,1,3,0,0,0,13,2,0,0,2,0,0,2,0,0,2,0,0,2,0,0,2,0,0,2,0,0,2,0,0,2,0,0,2,0,0,2,0,0,2,0,0,2,0,0,-1,-1,0,0,-1,-1,0,0,-1,-1,0,0,-1,6,0,0,0,0,0,0,6,0,15,14,12,10,8,120,129600,0,0,0,0,-1,0,0,0,0,0,0,1,0,0,0,-1,0,0,0,0,0,1,-1,Helps guide visitors to town.,372,-1,-1,3145761,"infinite stock, no lvlup, no valuable effect, no around effect"
69,Wasteland Guide,93,10,6,0,0,5,3,0,0,6,0,0,45,24,0,0,2,1,1,-1,0,-1,0,,,,-1,480,5,500,0,14,0,0,0,0,0,1,3,0,0,0,13,2,0,0,2,0,0,2,0,0,2,0,0,2,0,0,2,0,0,2,0,0,2,0,0,2,0,0,2,0,0,2,0,0,2,0,0,2,0,0,-1,-1,0,0,-1,-1,0,0,-1,-1,0,0,-1,6,0,0,0,0,0,0,6,0,15,14,12,10,8,120,129600,0,0,0,0,-1,0,0,0,0,0,0,1,0,0,0,-1,0,0,0,0,0,1,-1,Restores wasteland outside of town.,373,-1,-1,3145760,"no lvlup, no valuable effect, no around effect"
70,Stables,45,10,6,0,0,5,3,0,0,6,0,0,45,24,0,0,2,1,1,-1,0,-1,0,,,,-1,720,5,500,0,0,0,0,0,0,0,1,3,0,0,0,13,2,0,0,2,0,0,2,0,0,2,0,0,2,0,0,2,0,0,2,0,0,2,0,0,2,0,0,2,0,0,2,0,0,2,0,0,2,0,0,0,21,5,25,-1,-1,0,0,-1,-1,0,0,-1,6,0,0,0,0,0,0,6,0,15,14,12,10,8,120,129600,0,0,0,0,-1,0,0,0,0,0,0,1,0,0,0,-1,0,0,0,0,0,1,-1,Allows you to rent horses.,374,-1,0,3145760,"no lvlup, no valuable effect, no around effect"
71,Wagon Yard,46,10,6,0,0,2,0,1,0,6,0,0,18,0,7,0,2,1,1,-1,0,-1,0,,,,-1,960,5,500,0,0,0,0,0,0,0,1,3,0,0,0,13,2,0,0,2,0,0,2,0,0,2,0,0,2,0,0,2,0,0,2,0,0,2,0,0,2,0,0,2,0,0,2,0,0,2,0,0,2,0,0,-1,-1,0,0,-1,-1,0,0,-1,-1,0,0,-1,6,0,0,0,0,0,0,6,0,15,14,12,10,8,120,129600,0,0,0,0,-1,0,0,0,0,0,0,1,0,0,0,-1,0,0,0,0,0,1,-1,Used to move things between towns.,375,-1,-1,3153952,"no lvlup, assignable, no valuable effect, no around effect"
72,Outdoor Treasure Lab,63,10,6,0,1,2,0,0,0,6,0,10,18,0,0,0,2,1,1,-1,0,-1,0,,,,-1,1440,5,500,0,0,0,0,-9,0,-2,1,3,0,0,0,13,2,0,0,2,0,0,2,0,0,2,0,0,2,0,0,2,0,0,2,0,0,2,0,0,2,0,0,2,0,0,2,0,0,2,0,0,2,0,0,-1,-1,0,0,-1,-1,0,0,-1,-1,0,0,-1,6,0,0,0,0,0,0,6,0,15,14,12,10,8,120,129600,0,0,0,0,-1,0,0,0,0,0,0,1,0,0,0,-1,0,0,0,0,0,1,-1,Used to analyze treasure.,376,-1,-1,19922976,"no lvlup, no valuable effect, no around effect, treasure analyzable"
73,Temporary Shelter,29,10,6,0,0,2,1,0,0,6,0,0,18,8,0,0,2,1,1,-1,0,-1,0,,,,-1,960,5,500,0,0,700,6,0,0,0,20,3,4,2,1,13,2,0,0,2,0,0,2,0,0,2,0,0,2,0,0,2,0,0,2,0,0,2,0,0,2,0,0,2,0,0,2,0,0,2,0,0,2,0,0,-1,-1,0,0,-1,-1,0,0,-1,-1,0,0,-1,6,0,0,0,0,0,0,6,0,15,14,12,10,8,120,129600,0,0,0,0,-1,0,0,0,0,30,30,1,0,0,0,-1,0,0,0,0,0,1,-1,Used for recovery.,377,-1,-1,70254624,"no lvlup, no valuable effect, no around effect, full recovery facility"
74,Outdoor Research Lab,66,10,6,0,0,3,0,1,0,6,0,0,27,0,7,0,2,1,1,-1,0,-1,0,,,,-1,240,5,500,0,0,0,0,0,0,0,1,3,0,0,0,13,2,0,0,2,0,0,2,0,0,2,0,0,2,0,0,2,0,0,2,0,0,2,0,0,2,0,0,2,0,0,2,0,0,2,0,0,2,0,0,-1,-1,0,0,-1,-1,0,0,-1,-1,0,0,-1,6,0,0,0,0,0,0,6,0,15,14,12,10,8,120,129600,0,0,0,0,-1,0,0,0,0,0,0,1,0,0,0,-1,0,0,0,0,0,1,-1,Used for research.,378,-1,-1,3170336,"no lvlup, assignable, researchable, no valuable effect, no around effect"
75,Rest Stop,65,10,6,0,0,3,0,1,0,6,0,0,27,0,7,0,2,1,1,-1,0,-1,0,,,,-1,240,5,500,0,0,100,28,10,-4,3,1,3,0,5,5,13,2,0,0,2,0,0,2,0,0,2,0,0,2,0,0,2,0,0,2,10,4,2,0,0,2,5,4,2,0,0,2,0,0,2,5,4,2,15,4,0,22,5,25,-1,-1,0,0,-1,-1,0,0,7,6,0,0,3,0,1,0,6,0,15,85,12,60,8,120,129600,0,0,0,0,-1,0,0,0,0,3,3,2,0,0,0,-1,0,0,0,0,50,2,-1,Grants EXP when used.,379,-1,-1,134217732,"use, extra recovery facility"
76,Simple Stove,38,10,6,0,1,1,0,0,0,6,0,10,9,0,0,0,2,1,1,-1,0,-1,0,,,,-1,720,5,500,0,0,130,36,0,-3,-7,1,3,0,3,10,13,2,0,0,2,0,0,2,0,0,2,0,0,2,0,0,2,0,0,2,0,0,2,0,0,2,0,0,2,10,2,2,0,0,2,0,0,2,0,0,4,-1,5,25,-1,-1,0,0,-1,-1,0,0,7,6,0,1,1,0,0,0,6,0,80,75,12,10,8,120,129600,0,0,0,0,-1,0,0,0,0,5,5,1,0,0,0,-1,0,0,0,0,100,1,11,Used to cook simple dishes.,380,-1,-1,142606340,"use, user flip front and back, extra recovery facility"
77,Bonfire,38,10,6,0,1,2,0,0,0,6,0,10,18,0,0,0,2,1,1,-1,0,-1,0,,,,-1,720,5,500,0,0,130,36,-2,-3,-8,1,3,0,10,3,13,2,0,0,2,0,0,2,0,0,2,0,0,2,0,0,2,0,0,2,0,0,2,0,0,2,0,0,2,0,0,2,10,3,2,0,0,2,0,0,4,-1,5,25,-1,-1,0,0,-1,-1,0,0,7,6,0,1,2,0,0,0,6,0,80,80,12,10,8,120,129600,0,0,0,0,-1,0,0,0,0,5,5,1,0,0,0,-1,0,0,0,0,100,1,11,Used to cook simple dishes.,381,-1,-1,142606340,"use, user flip front and back, extra recovery facility"
78,Thorny Trap,38,10,6,0,0,0,2,1,0,6,0,0,0,16,7,0,2,1,1,-1,0,-1,0,,,,-1,720,15,500,0,0,0,0,0,0,0,1,3,0,0,0,13,2,0,0,2,0,0,2,0,0,2,0,0,2,0,0,2,0,0,2,0,0,2,0,0,2,0,0,2,0,0,2,0,0,2,0,0,2,0,0,-1,-1,0,0,-1,-1,0,0,-1,-1,0,0,7,6,0,0,0,2,1,0,6,0,15,14,70,60,8,120,129600,0,0,0,0,-1,0,0,0,0,0,0,1,0,0,0,-1,0,0,0,0,999,1,-1,Lures away attacking monsters.,382,-1,-1,0,
79,Flowerbed,38,10,6,0,1,0,0,0,0,6,0,10,0,0,0,0,2,1,1,-1,0,-1,0,,,,-1,240,5,500,0,0,60,23,-6,0,-11,1,3,3,3,0,13,2,0,0,2,0,0,2,0,0,2,0,0,2,0,0,2,0,0,2,0,0,2,0,0,2,0,0,2,0,0,2,0,0,2,0,0,2,0,0,1,-1,5,25,-1,-1,0,0,-1,-1,0,0,7,6,0,1,0,0,0,0,6,0,80,14,12,10,8,120,129600,0,0,0,0,-1,0,0,0,0,0,0,1,0,0,0,-1,0,0,0,0,50,1,100,Something good may happen when it's used.,383,-1,-1,142606340,"use, user flip front and back, extra recovery facility"
80,Bushes,38,10,6,0,2,0,0,0,0,6,0,20,0,0,0,0,2,1,1,-1,0,-1,0,,,,-1,240,5,500,0,0,60,23,-6,0,-11,1,3,0,3,3,13,2,0,0,2,0,0,2,0,0,2,0,0,2,0,0,2,0,0,2,0,0,2,0,0,2,0,0,2,0,0,2,0,0,2,0,0,2,0,0,1,-1,5,25,-1,-1,0,0,-1,-1,0,0,7,6,0,2,0,0,0,0,6,0,85,14,12,10,8,120,129600,0,0,0,0,-1,0,0,0,0,0,0,1,0,0,0,-1,0,0,0,0,50,1,100,Something good may happen when it's used.,384,-1,-1,142606340,"use, user flip front and back, extra recovery facility"
81,Seedlings,38,10,6,0,3,2,0,0,0,6,0,30,18,0,0,0,2,1,1,-1,0,-1,0,,,,-1,720,5,500,0,0,60,23,-6,0,-11,1,3,3,0,3,13,2,0,0,2,0,0,2,0,0,2,0,0,2,0,0,2,0,0,2,0,0,2,0,0,2,0,0,2,0,0,2,0,0,2,0,0,2,0,0,1,-1,5,25,-1,-1,0,0,-1,-1,0,0,7,6,0,3,2,0,0,0,6,0,90,80,12,10,8,120,129600,0,0,0,0,-1,0,0,0,0,0,0,1,0,0,0,-1,0,0,0,0,50,1,100,Something good may happen when it's used.,385,-1,-1,142606340,"use, user flip front and back, extra recovery facility"
82,Fountain,38,10,6,0,0,0,0,2,3,6,0,0,0,0,14,18,2,1,1,-1,0,-1,0,,,,-1,720,5,500,0,0,190,23,-2,1,-10,1,3,4,10,5,13,2,0,0,2,0,0,2,20,5,2,0,0,2,0,0,2,0,0,2,0,0,2,0,0,2,5,5,2,0,0,2,5,5,2,0,0,2,5,5,1,-1,5,25,-1,-1,0,0,-1,-1,0,0,7,6,0,0,0,0,2,3,6,0,15,14,12,65,60,120,129600,0,0,0,0,-1,0,0,0,0,5,5,1,0,0,0,-1,0,0,0,0,50,2,-1,Grants EXP when used.,386,-1,-1,142606340,"use, user flip front and back, extra recovery facility"
83,Goddess Statue,38,10,6,0,0,0,0,3,5,6,0,0,0,0,21,30,2,1,1,-1,0,-1,0,,,,-1,1200,10,500,0,0,350,23,3,-4,-6,1,3,5,20,10,13,2,0,0,2,0,0,2,10,8,2,0,0,2,0,0,2,0,0,2,0,0,2,0,0,2,5,8,2,0,0,2,5,8,2,0,0,2,20,8,1,-1,5,25,-1,-1,0,0,-1,-1,0,0,7,6,0,0,0,0,3,5,6,0,15,14,12,70,70,120,129600,0,0,0,0,-1,0,0,0,0,5,5,1,0,0,0,-1,0,0,0,0,50,2,-1,Grants EXP when used.,387,-1,-1,142606340,"use, user flip front and back, extra recovery facility"
84,Rejuvenation Spring,38,10,6,0,0,0,0,5,3,6,0,0,0,0,35,18,2,1,1,-1,0,-1,0,,,,-1,720,5,500,0,0,1100,34,0,0,0,20,3,5,4,2,13,2,0,0,2,0,0,2,0,0,2,0,0,2,0,0,2,0,0,2,0,0,2,0,0,2,0,0,2,0,0,2,0,0,2,0,0,2,0,0,-1,-1,0,0,-1,-1,0,0,-1,-1,0,0,7,6,0,0,0,0,5,3,6,0,15,14,12,80,60,120,129600,0,0,0,0,-1,0,0,0,0,5,5,1,0,0,0,-1,0,0,0,0,50,2,-1,Used for recovery.,388,-1,-1,67108864,full recovery facility
85,Monster Statue,30,10,6,0,0,2,0,0,5,6,0,0,18,0,0,30,2,1,1,-1,0,-1,0,,,,-1,960,65,500,0,0,0,23,0,0,0,1,3,0,0,0,13,2,0,0,2,0,0,2,5,7,2,0,0,2,0,0,2,0,0,2,0,0,2,0,0,2,0,0,2,5,7,2,0,0,2,5,7,2,0,0,3,-1,5,25,-1,-1,0,0,-1,-1,0,0,7,6,0,0,2,0,0,5,6,0,15,80,12,10,70,120,129600,0,0,0,0,-1,0,0,0,0,0,0,1,0,0,0,-1,0,0,0,0,999,2,-1,Lures away attacking monsters.,389,-1,-1,0,
86,Monster-Repelling Orb,32,10,6,0,0,0,0,1,2,6,0,0,0,0,7,12,2,1,1,-1,0,-1,0,,,,-1,720,40,500,0,0,0,23,0,0,0,1,3,0,0,0,13,2,0,0,2,0,0,2,10,3,2,0,0,2,0,0,2,0,0,2,0,0,2,0,0,2,5,3,2,0,0,2,5,3,2,0,0,2,5,3,3,-1,5,25,-1,-1,0,0,-1,-1,0,0,7,6,0,0,0,0,1,2,6,0,15,14,12,60,55,120,129600,0,0,0,0,-1,0,0,0,0,0,0,1,0,0,0,-1,0,0,0,0,999,2,-1,Lures away attacking monsters.,390,-1,-1,0,
87,Monster-Repelling Sword,32,10,6,0,0,0,0,1,3,6,0,0,0,0,7,18,2,1,1,-1,0,-1,0,,,,-1,960,55,500,0,0,0,23,0,0,0,1,3,0,0,0,13,2,0,0,2,0,0,2,10,4,2,0,0,2,0,0,2,0,0,2,0,0,2,0,0,2,0,0,2,5,4,2,0,0,2,5,4,2,0,0,3,-1,5,25,-1,-1,0,0,-1,-1,0,0,7,6,0,0,0,0,1,3,6,0,15,14,12,60,60,120,129600,0,0,0,0,-1,0,0,0,0,0,0,1,0,0,0,-1,0,0,0,0,999,2,-1,Lures away attacking monsters.,391,-1,-1,0,
88,Monster-Repelling Slate,32,10,6,0,0,0,0,1,5,6,0,0,0,0,7,30,2,1,1,-1,0,-1,0,,,,-1,1200,70,500,0,0,0,23,0,0,0,1,3,0,0,0,13,2,0,0,2,0,0,2,10,6,2,0,0,2,0,0,2,0,0,2,0,0,2,0,0,2,5,6,2,0,0,2,5,6,2,0,0,2,5,6,3,-1,5,25,-1,-1,0,0,-1,-1,0,0,7,6,0,0,0,0,1,5,6,0,15,14,12,60,70,120,129600,0,0,0,0,-1,0,0,0,0,0,0,1,0,0,0,-1,0,0,0,0,999,2,-1,Lures away attacking monsters.,392,-1,-1,0,
89,Windmill,38,10,6,0,0,10,0,10,0,6,0,0,90,0,70,0,2,1,1,-1,0,-1,0,,,,-1,1680,5,500,0,0,0,0,0,0,0,1,3,0,0,0,13,2,0,0,2,0,0,2,0,0,2,0,0,2,0,0,2,0,0,2,0,0,2,0,0,2,0,0,2,0,0,2,0,0,2,0,0,2,0,0,3,-1,20,50,-1,-1,0,0,-1,-1,0,0,7,6,0,0,10,0,10,0,6,0,15,120,12,105,8,120,129600,0,0,0,0,-1,0,0,0,0,0,0,1,0,0,0,-1,0,0,0,0,200,1,-1,Boosts durability of surrounding facilities.,393,-1,-1,0,
90,Monster Feed,61,10,6,0,3,0,2,0,0,6,0,30,0,16,0,0,2,1,1,-1,0,-1,0,,,,-1,720,5,500,0,0,0,29,0,0,0,1,3,0,0,0,13,2,0,0,2,0,0,2,0,0,2,0,0,2,0,0,2,0,0,2,0,0,2,0,0,2,0,0,2,0,0,2,0,0,2,0,0,2,0,0,-1,-1,0,0,-1,-1,0,0,-1,-1,0,0,7,6,0,3,0,2,0,0,6,0,90,14,70,10,8,120,129600,0,0,0,0,-1,0,0,0,0,0,0,1,0,5,99,110,1,0,0,0,0,1,-1,"Place in lush, natural surroundings.",394,-1,-1,3145792,"belong, no valuable effect, no around effect"
91,Bench,38,10,6,0,1,2,0,0,0,6,0,10,18,0,0,0,2,1,1,-1,0,-1,0,,,,-1,720,5,500,0,0,230,28,5,2,1,1,3,5,3,15,13,2,0,0,2,0,0,2,0,0,2,0,0,2,0,0,2,5,3,2,5,3,2,0,0,2,5,3,2,5,3,2,5,3,2,5,3,2,5,3,1,-1,5,25,-1,-1,0,0,-1,-1,0,0,7,6,0,1,2,0,0,0,6,0,80,80,12,10,8,120,129600,0,0,0,0,-1,0,0,0,0,3,3,2,0,0,0,-1,0,0,0,0,50,2,-1,Used for recovery.,395,-1,-1,138412036,"use, user flip horizontal, extra recovery facility"
92,Expedition Hut,94,10,6,0,0,3,5,0,0,6,0,0,27,40,0,0,2,1,1,-1,0,-1,0,,,,-1,480,5,500,0,10,0,0,0,0,0,1,3,0,0,0,13,2,0,0,2,0,0,2,0,0,2,0,0,2,0,0,2,0,0,2,0,0,2,0,0,2,0,0,2,0,0,2,0,0,2,0,0,2,0,0,-1,-1,0,0,-1,-1,0,0,-1,-1,0,0,7,6,0,0,3,5,0,0,6,0,15,85,85,10,8,120,129600,0,0,0,0,-1,0,0,0,0,0,0,1,0,0,0,-1,0,0,0,0,0,1,-1,Used for gathering materials outside of town.,396,-1,-1,3145728,"no valuable effect, no around effect"
93,Indoor Storage (Grass),57,10,6,0,5,0,0,0,0,6,0,50,0,0,0,0,2,1,1,0,0,-1,0,,,,-1,240,10,100,0,0,0,0,0,0,0,1,3,0,0,0,13,2,0,0,2,0,0,2,0,0,2,0,0,2,0,0,2,0,0,2,0,0,2,0,0,2,0,0,2,0,0,2,0,0,2,0,0,2,0,0,-1,-1,0,0,-1,-1,0,0,-1,-1,0,0,-1,6,0,0,0,0,0,0,6,0,15,14,12,10,8,120,129600,0,0,0,0,-1,0,0,0,0,0,0,1,0,0,0,75,1,0,0,0,0,1,-1,Used to store materials for shops.,397,-1,-1,3145760,"no lvlup, no valuable effect, no around effect"
94,Indoor Storage (Wood),57,10,6,0,0,5,0,0,0,6,0,0,45,0,0,0,2,1,1,1,0,-1,0,,,,-1,1440,10,100,0,0,0,0,0,0,0,1,3,0,0,0,13,2,0,0,2,0,0,2,0,0,2,0,0,2,0,0,2,0,0,2,0,0,2,0,0,2,0,0,2,0,0,2,0,0,2,0,0,2,0,0,-1,-1,0,0,-1,-1,0,0,-1,-1,0,0,-1,6,0,0,0,0,0,0,6,0,15,14,12,10,8,120,129600,0,0,0,0,-1,0,0,0,0,0,0,1,0,0,0,75,1,0,0,0,0,1,-1,Used to store materials for shops.,398,-1,-1,3145760,"no lvlup, no valuable effect, no around effect"
95,Indoor Storage (Food),57,10,6,0,0,0,5,0,0,6,0,0,0,40,0,0,2,1,1,2,0,-1,0,,,,-1,1440,10,100,0,0,0,0,0,0,0,1,3,0,0,0,13,2,0,0,2,0,0,2,0,0,2,0,0,2,0,0,2,0,0,2,0,0,2,0,0,2,0,0,2,0,0,2,0,0,2,0,0,2,0,0,-1,-1,0,0,-1,-1,0,0,-1,-1,0,0,-1,6,0,0,0,0,0,0,6,0,15,14,12,10,8,120,129600,0,0,0,0,-1,0,0,0,0,0,0,1,0,0,0,75,1,0,0,0,0,1,-1,Used to store materials for shops.,399,-1,-1,3145760,"no lvlup, no valuable effect, no around effect"
96,Indoor Storage (Ore),57,10,6,0,0,0,0,5,0,6,0,0,0,0,35,0,2,1,1,3,0,-1,0,,,,-1,1440,10,100,0,0,0,0,0,0,0,1,3,0,0,0,13,2,0,0,2,0,0,2,0,0,2,0,0,2,0,0,2,0,0,2,0,0,2,0,0,2,0,0,2,0,0,2,0,0,2,0,0,2,0,0,-1,-1,0,0,-1,-1,0,0,-1,-1,0,0,-1,6,0,0,0,0,0,0,6,0,15,14,12,10,8,120,129600,0,0,0,0,-1,0,0,0,0,0,0,1,0,0,0,75,1,0,0,0,0,1,-1,Used to store materials for shops.,400,-1,-1,3145760,"no lvlup, no valuable effect, no around effect"
97,Indoor Storage (Mystic Ore),57,10,6,0,0,0,0,0,5,6,0,0,0,0,0,30,2,1,1,4,0,-1,0,,,,-1,1440,10,100,0,0,0,0,0,0,0,1,3,0,0,0,13,2,0,0,2,0,0,2,0,0,2,0,0,2,0,0,2,0,0,2,0,0,2,0,0,2,0,0,2,0,0,2,0,0,2,0,0,2,0,0,-1,-1,0,0,-1,-1,0,0,-1,-1,0,0,-1,6,0,0,0,0,0,0,6,0,15,14,12,10,8,120,129600,0,0,0,0,-1,0,0,0,0,0,0,1,0,0,0,75,1,0,0,0,0,1,-1,Used to store materials for shops.,401,-1,-1,3145760,"no lvlup, no valuable effect, no around effect"
98,Hard Bed,29,10,6,0,1,0,0,0,0,6,0,10,0,0,0,0,2,1,1,-1,0,-1,0,,,,-1,240,0,0,0,0,7200,6,0,0,0,1,3,1,1,70,13,2,0,0,2,0,0,2,0,0,2,0,0,2,0,0,2,0,0,2,0,0,2,0,0,2,0,0,2,0,0,2,0,0,2,0,0,2,0,0,-1,-1,0,0,-1,-1,0,0,-1,-1,0,0,-1,6,0,0,0,0,0,0,6,0,15,14,12,10,8,120,129600,0,0,0,0,-1,0,0,0,0,0,0,1,0,0,0,-1,0,0,0,0,0,1,-1,Perfect for a good night's sleep.,402,-1,-1,1048608,"no lvlup, no valuable effect"
99,Bed,29,10,6,0,0,1,0,0,0,6,0,0,9,0,0,0,2,1,1,-1,0,-1,0,,,,-1,240,0,0,0,0,8600,6,0,0,0,1,3,3,3,80,13,2,0,0,2,0,0,2,0,0,2,0,0,2,0,0,2,0,0,2,0,0,2,0,0,2,0,0,2,0,0,2,0,0,2,0,0,2,0,0,-1,-1,0,0,-1,-1,0,0,-1,-1,0,0,-1,6,0,0,0,0,0,0,6,0,15,14,12,10,8,120,129600,0,0,0,0,-1,0,0,0,0,0,0,1,0,0,0,-1,0,0,0,0,0,1,-1,Perfect for a good night's sleep.,403,-1,-1,1048608,"no lvlup, no valuable effect"
100,Royal Bed,29,10,6,0,2,1,0,0,0,6,0,20,9,0,0,0,2,1,1,-1,0,-1,0,,,,-1,240,0,0,0,0,10600,6,0,0,0,1,3,8,8,90,13,2,0,0,2,0,0,2,0,0,2,0,0,2,0,0,2,0,0,2,0,0,2,0,0,2,0,0,2,0,0,2,0,0,2,0,0,2,0,0,-1,-1,0,0,-1,-1,0,0,-1,-1,0,0,-1,6,0,0,0,0,0,0,6,0,15,14,12,10,8,120,129600,0,0,0,0,-1,0,0,0,0,0,0,1,0,0,0,-1,0,0,0,0,0,1,-1,Perfect for a good night's sleep.,404,-1,-1,1048608,"no lvlup, no valuable effect"
101,Double Bed,29,10,6,0,2,2,0,0,0,6,0,20,18,0,0,0,2,1,750,-1,0,-1,0,,,,-1,240,0,0,0,0,7000,6,0,0,0,1,3,10,10,50,13,2,0,0,2,0,0,2,0,0,2,0,0,2,0,0,2,0,0,2,0,0,2,0,0,2,0,0,2,0,0,2,0,0,2,0,0,2,0,0,1,-1,5,25,-1,-1,0,0,-1,-1,0,0,-1,6,0,0,0,0,0,0,6,0,15,14,12,10,8,120,129600,0,0,0,0,-1,0,0,0,0,0,0,1,0,0,0,-1,0,25,500,52,0,1,-1,Enough room for two!,405,-1,-1,1081640,"craftable, no lvlup, guest usable, lodger assignable, no valuable effect"
102,Register,55,10,6,0,1,2,0,0,0,6,0,10,18,0,0,0,2,1,1,-1,0,-1,0,,,,-1,240,0,0,0,0,0,0,0,0,0,1,3,0,0,0,13,2,0,0,2,0,0,2,0,0,2,0,0,2,0,0,2,0,0,2,0,0,2,0,0,2,0,0,2,0,0,2,0,0,2,0,0,2,0,0,-1,-1,0,0,-1,-1,0,0,-1,-1,0,0,-1,6,0,0,0,0,0,0,6,0,15,14,12,10,8,120,129600,0,0,0,0,-1,0,0,0,0,0,0,1,-1,0,0,-1,0,0,0,0,0,1,-1,Used to send goods to visitors and allies.,406,296,-1,3145760,"no lvlup, no valuable effect, no around effect"
103,Store Shelves,31,10,6,0,1,3,0,0,0,6,0,10,27,0,0,0,2,1,1,-1,0,-1,0,,,,-1,240,3,50,0,0,0,0,0,0,0,1,3,0,0,0,13,2,0,0,2,0,0,2,0,0,2,0,0,2,0,0,2,0,0,2,0,0,2,0,0,2,0,0,2,0,0,2,0,0,2,0,0,2,0,0,-1,-1,0,0,-1,-1,0,0,-1,-1,0,0,-1,6,0,0,0,0,0,0,6,0,15,14,12,10,8,120,129600,0,0,0,0,-1,0,0,0,0,0,0,1,0,0,0,-1,0,0,0,0,0,1,-1,Displays goods for visitors and allies.,407,-1,-1,3145761,"infinite stock, no lvlup, no valuable effect, no around effect"
104,Skill Shelves,31,10,6,0,1,4,0,0,0,6,0,10,36,0,0,0,2,1,1,-1,0,-1,0,,,,-1,240,3,50,0,0,0,0,0,0,0,1,3,0,0,0,13,2,0,0,2,0,0,2,0,0,2,0,0,2,0,0,2,0,0,2,0,0,2,0,0,2,0,0,2,0,0,2,0,0,2,0,0,2,0,0,-1,-1,0,0,-1,-1,0,0,-1,-1,0,0,-1,6,0,0,0,0,0,0,6,0,15,14,12,10,8,120,129600,0,0,0,0,-1,0,0,0,0,0,0,1,0,0,0,-1,0,0,0,0,0,1,-1,Displays goods for visitors and allies.,408,-1,-1,3145761,"infinite stock, no lvlup, no valuable effect, no around effect"
105,Furniture Shelves,31,10,6,0,1,5,0,0,0,6,0,10,45,0,0,0,2,1,1,-1,0,-1,0,,,,-1,240,3,50,0,0,0,0,0,0,0,1,3,0,0,0,13,2,0,0,2,0,0,2,0,0,2,0,0,2,0,0,2,0,0,2,0,0,2,0,0,2,0,0,2,0,0,2,0,0,2,0,0,2,0,0,-1,-1,0,0,-1,-1,0,0,-1,-1,0,0,-1,6,0,0,0,0,0,0,6,0,15,14,12,10,8,120,129600,0,0,0,0,-1,0,0,0,0,0,0,1,0,0,0,-1,0,0,0,0,0,1,-1,Displays goods for visitors and allies.,409,-1,-1,3145761,"infinite stock, no lvlup, no valuable effect, no around effect"
106,Chair,4,10,6,0,2,5,0,0,0,6,0,20,45,0,0,0,2,1,1,-1,0,-1,0,,,,-1,240,0,0,0,0,0,28,0,0,0,1,3,0,0,0,13,2,0,0,2,0,0,2,20,7,2,0,0,2,0,0,2,0,0,2,0,0,2,0,0,2,5,7,2,0,0,2,0,0,2,0,0,2,0,0,0,22,5,25,-1,-1,0,0,-1,-1,0,0,8,6,0,2,5,0,0,0,6,0,85,95,12,10,8,120,129600,0,0,0,0,-1,0,0,0,0,1,1,1,0,0,0,-1,0,0,0,0,0,1,-1,Grants EXP when used.,410,-1,-1,1048576,no valuable effect
107,Royal Room,56,10,6,0,0,8,0,4,0,6,0,0,72,0,28,0,2,1,1,-1,0,-1,0,,,,-1,240,0,0,0,0,0,28,-7,7,0,1,3,0,0,0,13,2,0,0,2,0,0,2,0,0,2,0,0,2,0,0,2,0,0,2,0,0,2,0,0,2,0,0,2,0,0,2,0,0,2,0,0,2,0,0,-1,-1,0,0,-1,-1,0,0,-1,-1,0,0,9,6,0,0,0,0,0,0,6,0,15,14,12,10,8,120,129600,0,0,0,0,-1,0,0,0,0,1,1,1,0,0,0,75,1,0,0,0,0,1,-1,The monarch will certainly like it.,411,-1,-1,3145760,"no lvlup, no valuable effect, no around effect"
108,Research Lab,56,10,6,0,0,8,0,4,0,6,0,0,72,0,28,0,2,1,1,-1,0,-1,0,,,,-1,240,0,0,0,0,0,28,-3,-5,-4,1,3,0,0,0,13,2,0,0,2,0,0,2,0,0,2,0,0,2,0,0,2,0,0,2,0,0,2,0,0,2,0,0,2,0,0,2,0,0,2,0,0,2,0,0,-1,-1,0,0,-1,-1,0,0,-1,-1,0,0,9,6,0,0,0,0,0,0,6,0,15,14,12,10,8,120,129600,0,0,0,0,-1,0,0,0,0,0,0,1,0,0,0,77,1,0,0,0,0,1,-1,Used for research.,412,-1,-1,15745056,"no lvlup, researchable, no valuable effect, no around effect, user flip horizontal, user flip front and back"
109,Hospital,56,10,6,0,0,8,0,4,0,6,0,0,72,0,28,0,2,1,1,-1,0,-1,0,,,,-1,240,0,0,0,0,1800,28,-2,-12,-2,20,3,8,6,4,13,2,0,0,2,0,0,2,0,0,2,0,0,2,0,0,2,0,0,2,0,0,2,0,0,2,0,0,2,0,0,2,0,0,2,0,0,2,0,0,-1,-1,0,0,-1,-1,0,0,-1,-1,0,0,9,6,0,0,0,0,0,0,6,0,15,14,12,10,8,120,129600,0,0,0,0,-1,0,0,0,0,5,5,1,0,0,0,84,1,0,0,0,0,1,-1,Handy when you need to recover.,413,-1,-1,68157472,"no lvlup, no valuable effect, full recovery facility"
110,Accessory Workshop,56,10,6,0,0,8,0,4,0,6,0,0,72,0,28,0,2,1,1,-1,0,-1,0,,,,-1,240,0,0,0,0,0,28,-3,2,-17,1,3,0,0,0,13,2,0,0,2,0,0,2,0,0,2,0,0,2,0,0,2,0,0,2,0,0,2,0,0,2,0,0,2,0,0,2,0,0,2,0,0,2,0,0,-1,-1,0,0,-1,-1,0,0,-1,-1,0,0,9,6,0,0,8,0,4,0,6,0,15,110,12,75,8,120,129600,0,0,0,0,-1,0,0,0,0,0,0,1,0,0,0,81,1,0,0,0,0,1,-1,Used to make and sell accessories.,414,-1,-1,11534336,"no valuable effect, no around effect, user flip front and back"
111,Cooking Station,56,10,6,0,0,8,0,4,0,6,0,0,72,0,28,0,2,1,1,-1,0,-1,0,,,,-1,240,0,0,0,0,0,36,-9,-5,-1,1,3,0,0,0,13,2,0,0,2,0,0,2,0,0,2,0,0,2,0,0,2,0,0,2,0,0,2,0,0,2,0,0,2,0,0,2,0,0,2,0,0,2,0,0,-1,-1,0,0,-1,-1,0,0,-1,-1,0,0,9,6,0,0,8,0,4,0,6,0,15,110,12,75,8,120,129600,0,0,0,0,-1,0,0,0,0,0,0,1,0,0,0,78,1,0,0,0,0,1,-1,Used to make and sell food.,415,-1,-1,15728640,"no valuable effect, no around effect, user flip horizontal, user flip front and back"
112,Recovery Station,56,10,6,0,0,8,0,0,5,6,0,0,72,0,0,30,2,1,1,-1,0,-1,0,,,,-1,240,0,0,0,0,2400,31,2,-8,-9,20,3,9,9,6,13,2,0,0,2,0,0,2,0,0,2,0,0,2,0,0,2,0,0,2,0,0,2,0,0,2,0,0,2,0,0,2,0,0,2,0,0,2,0,0,-1,-1,0,0,-1,-1,0,0,-1,-1,0,0,9,6,0,0,0,0,0,0,6,0,15,14,12,10,8,120,129600,0,0,0,0,-1,0,0,0,0,5,5,1,0,0,0,82,1,0,0,0,0,1,-1,Handy when you need to recover.,416,-1,-1,76546080,"no lvlup, no valuable effect, user flip front and back, full recovery facility"
113,Treasure Analysis Lab,56,10,6,0,0,8,0,4,0,6,0,0,72,0,28,0,2,1,1,-1,0,-1,0,,,,-1,1440,0,0,0,0,0,28,3,-5,-9,1,3,0,0,0,13,2,0,0,2,0,0,2,0,0,2,0,0,2,0,0,2,0,0,2,0,0,2,0,0,2,0,0,2,0,0,2,0,0,2,0,0,2,0,0,-1,-1,0,0,-1,-1,0,0,-1,-1,0,0,9,6,0,0,0,0,0,0,6,0,15,14,12,10,8,120,129600,0,0,0,0,-1,0,0,0,0,0,0,1,0,0,0,80,1,0,0,0,0,1,-1,Used to analyze treasure.,417,-1,-1,28311584,"no lvlup, no valuable effect, no around effect, user flip front and back, treasure analyzable"
114,Furniture Workbench,56,10,6,0,0,8,0,4,0,6,0,0,72,0,28,0,2,1,1,-1,0,-1,0,,,,-1,240,0,0,0,0,0,4,-16,1,-6,1,3,0,0,0,13,2,0,0,2,0,0,2,0,0,2,0,0,2,0,0,2,0,0,2,0,0,2,0,0,2,0,0,2,0,0,2,0,0,2,0,0,2,0,0,-1,-1,0,0,-1,-1,0,0,-1,-1,0,0,9,6,0,0,8,0,4,0,6,0,15,110,12,75,8,120,129600,0,0,0,0,-1,0,0,0,0,0,0,1,0,0,0,75,1,0,0,0,0,1,-1,Used to make and sell furniture.,418,-1,-1,3145728,"no valuable effect, no around effect"
115,Weapon Workbench,56,10,6,0,0,8,0,4,0,6,0,0,72,0,28,0,2,1,1,-1,0,-1,0,,,,-1,240,0,0,0,0,0,4,-14,3,0,1,3,0,0,0,13,2,0,0,2,0,0,2,0,0,2,0,0,2,0,0,2,0,0,2,0,0,2,0,0,2,0,0,2,0,0,2,0,0,2,0,0,2,0,0,-1,-1,0,0,-1,-1,0,0,-1,-1,0,0,9,6,0,0,8,0,4,0,6,0,15,110,12,75,8,120,129600,0,0,0,0,-1,0,0,0,0,0,0,1,0,0,0,79,1,0,0,0,0,1,-1,Used to make and sell weapons.,419,-1,-1,3145728,"no valuable effect, no around effect"
116,Armor Workbench,56,10,6,0,0,8,0,4,0,6,0,0,72,0,28,0,2,1,1,-1,0,-1,0,,,,-1,240,0,0,0,0,0,4,-14,3,0,1,3,0,0,0,13,2,0,0,2,0,0,2,0,0,2,0,0,2,0,0,2,0,0,2,0,0,2,0,0,2,0,0,2,0,0,2,0,0,2,0,0,2,0,0,-1,-1,0,0,-1,-1,0,0,-1,-1,0,0,9,6,0,0,8,0,4,0,6,0,15,110,12,75,8,120,129600,0,0,0,0,-1,0,0,0,0,0,0,1,0,0,0,79,1,0,0,0,0,1,-1,Used to make and sell armor.,420,-1,-1,3145728,"no valuable effect, no around effect"
117,Skill Workbench,56,10,6,0,0,8,0,0,5,6,0,0,72,0,0,30,2,1,1,-1,0,-1,0,,,,-1,240,0,0,0,0,0,31,-9,-5,-1,1,3,0,0,0,13,2,0,0,2,0,0,2,0,0,2,0,0,2,0,0,2,0,0,2,0,0,2,0,0,2,0,0,2,0,0,2,0,0,2,0,0,2,0,0,-1,-1,0,0,-1,-1,0,0,-1,-1,0,0,9,6,0,0,8,0,0,5,6,0,15,110,12,10,70,120,129600,0,0,0,0,-1,0,0,0,0,0,0,1,0,0,0,83,1,0,0,0,0,1,-1,Used to make and sell skills.,421,-1,-1,15728640,"no valuable effect, no around effect, user flip horizontal, user flip front and back"
118,Item Workbench,56,10,6,0,0,8,0,4,0,6,0,0,72,0,28,0,2,1,1,-1,0,-1,0,,,,-1,240,0,0,0,0,0,28,-9,-3,0,1,3,0,0,0,13,2,0,0,2,0,0,2,0,0,2,0,0,2,0,0,2,0,0,2,0,0,2,0,0,2,0,0,2,0,0,2,0,0,2,0,0,2,0,0,-1,-1,0,0,-1,-1,0,0,-1,-1,0,0,9,6,0,0,8,0,4,0,6,0,15,110,12,75,8,120,129600,0,0,0,0,-1,0,0,0,0,0,0,1,0,0,0,80,1,0,0,0,0,1,-1,Used to make and sell items.,422,-1,-1,15728640,"no valuable effect, no around effect, user flip horizontal, user flip front and back"
119,Decorative Plant,4,10,6,0,1,2,0,0,0,6,0,10,18,0,0,0,2,1,55,-1,0,-1,0,,,,-1,240,0,0,0,0,30,23,-2,0,9,1,3,0,0,3,13,2,0,0,2,0,0,2,0,0,2,0,0,2,0,0,2,3,3,2,0,0,2,0,0,2,0,0,2,10,3,2,10,3,2,0,0,2,0,0,0,20,5,25,-1,-1,0,0,-1,-1,0,0,8,6,0,1,2,0,0,0,6,0,80,80,12,10,8,120,129600,0,0,0,0,-1,0,0,0,0,3,3,1,0,0,0,-1,0,2,17,6,0,1,35,Sometimes produces items.,423,-1,-1,135266316,"use, craftable, no valuable effect, extra recovery facility"
120,Tomato,4,10,6,0,1,2,0,0,0,6,0,10,18,0,0,0,2,1,185,-1,0,-1,0,,,,-1,240,0,0,0,0,30,23,-2,0,9,1,3,0,3,0,13,2,0,0,2,0,0,2,0,0,2,0,0,2,0,0,2,0,0,2,3,3,2,0,0,2,0,0,2,12,3,2,12,3,2,12,3,2,12,3,0,20,5,25,-1,-1,0,0,-1,-1,0,0,8,6,0,1,2,0,0,0,6,0,80,80,12,10,8,120,129600,0,0,0,0,-1,0,0,0,0,1,1,1,0,0,0,-1,0,5,80,12,0,1,30,Sometimes produces items.,424,-1,-1,135266316,"use, craftable, no valuable effect, extra recovery facility"
121,Flowers,4,10,6,0,1,1,0,0,0,6,0,10,9,0,0,0,2,1,135,-1,0,-1,0,,,,-1,240,0,0,0,0,30,23,-2,0,9,1,3,0,0,3,13,2,0,0,2,0,0,2,0,0,2,0,0,2,0,0,2,3,2,2,0,0,2,0,0,2,0,0,2,15,2,2,15,2,2,12,2,2,15,2,0,20,5,25,-1,-1,0,0,-1,-1,0,0,8,6,0,1,1,0,0,0,6,0,80,75,12,10,8,120,129600,0,0,0,0,-1,0,0,0,0,2,2,1,0,0,0,-1,0,5,55,12,0,1,30,Sometimes produces items.,425,-1,-1,135266316,"use, craftable, no valuable effect, extra recovery facility"
122,Pansy,4,10,6,0,1,1,0,0,0,6,0,10,9,0,0,0,2,1,175,-1,0,-1,0,,,,-1,240,0,0,0,0,30,23,-2,0,9,1,3,0,3,0,13,2,0,0,2,0,0,2,3,2,2,0,0,2,0,0,2,0,0,2,0,0,2,0,0,2,0,0,2,15,2,2,15,2,2,0,0,2,15,2,0,20,5,25,-1,-1,0,0,-1,-1,0,0,8,6,0,1,1,0,0,0,6,0,80,75,12,10,8,120,129600,0,0,0,0,-1,0,0,0,0,3,3,1,0,0,0,-1,0,6,77,14,0,1,35,Sometimes produces items.,426,-1,-1,135266316,"use, craftable, no valuable effect, extra recovery facility"
123,Glittering Stone,4,10,6,0,0,0,0,2,2,6,0,0,0,0,14,12,2,1,750,-1,0,-1,0,,,,-1,240,0,0,0,0,30,23,-2,0,9,1,3,0,3,0,13,2,0,0,2,0,0,2,10,4,2,0,0,2,0,0,2,10,4,2,10,4,2,0,0,2,15,4,2,0,0,2,0,0,2,15,4,2,0,0,0,18,5,25,-1,-1,0,0,-1,-1,0,0,8,6,0,0,0,0,2,2,6,0,15,14,12,65,55,120,129600,0,0,0,0,-1,0,0,0,0,1,1,1,0,0,0,-1,0,10,405,22,0,1,3,Sometimes produces ore.,427,-1,-1,135266316,"use, craftable, no valuable effect, extra recovery facility"
124,Dining Table,4,10,6,0,1,2,0,0,0,6,0,10,18,0,0,0,2,1,55,-1,0,-1,0,,,,-1,240,0,0,0,0,30,28,0,-5,0,1,3,0,0,3,13,2,5,3,2,5,3,2,5,3,2,0,0,2,0,0,2,0,0,2,5,3,2,0,0,2,15,3,2,15,3,2,15,3,2,15,3,2,15,3,0,19,5,25,-1,-1,0,0,-1,-1,0,0,8,6,0,1,2,0,0,0,6,0,80,80,12,10,8,120,129600,0,0,0,0,-1,0,0,0,0,2,2,1,0,0,0,-1,0,2,17,6,0,1,10,Sometimes produces meals.,428,-1,-1,135266316,"use, craftable, no valuable effect, extra recovery facility"
125,Couch,4,10,6,0,2,4,0,0,0,6,0,20,36,0,0,0,2,1,335,-1,0,-1,0,,,,-1,240,0,0,0,0,100,28,-1,1,1,1,3,0,5,5,13,2,0,0,2,0,0,2,0,0,2,0,0,2,0,0,2,0,0,2,0,0,2,0,0,2,0,0,2,12,6,2,12,6,2,12,6,2,12,6,0,19,5,25,-1,-1,0,0,-1,-1,0,0,8,6,0,2,4,0,0,0,6,0,85,90,12,10,8,120,129600,0,0,0,0,-1,0,0,0,0,1,1,1,0,0,0,-1,0,5,155,12,0,2,-1,Handy when you need to recover.,429,-1,-1,135266316,"use, craftable, no valuable effect, extra recovery facility"
126,Candle,4,10,6,0,1,0,1,0,0,6,0,10,0,8,0,0,2,1,35,-1,0,-1,0,,,,-1,240,0,0,0,0,30,23,0,-3,7,1,3,0,0,3,13,2,0,0,2,0,0,2,0,0,2,0,0,2,0,0,2,0,0,2,4,2,2,0,0,2,8,2,2,8,2,2,8,2,2,8,2,2,8,2,0,22,5,25,-1,-1,0,0,-1,-1,0,0,8,6,0,1,0,1,0,0,6,0,80,14,65,10,8,120,129600,0,0,0,0,-1,0,0,0,0,2,2,1,0,0,0,-1,0,1,7,4,0,2,-1,Grants EXP when used.,430,-1,-1,135266316,"use, craftable, no valuable effect, extra recovery facility"
127,Tree Nursery,4,10,6,0,1,0,1,0,0,6,0,10,0,8,0,0,2,1,610,-1,0,-1,0,,,,-1,240,0,0,0,0,0,0,-2,2,9,1,3,0,0,0,13,2,0,0,2,0,0,2,0,0,2,0,0,2,0,0,2,0,0,2,0,0,2,0,0,2,0,0,2,0,0,2,10,2,2,0,0,2,0,0,0,22,5,25,-1,-1,0,0,-1,-1,0,0,-1,6,0,0,0,0,0,0,6,0,15,14,12,10,8,120,129600,0,0,0,0,-1,0,0,0,0,1,1,1,0,0,0,-1,0,12,293,26,0,1,1,Produces seeds.,497,-1,-1,1048620,"use, craftable, no lvlup, no valuable effect"
128,Decorative Armor,4,10,6,0,1,0,0,3,0,6,0,10,0,0,21,0,2,1,545,-1,0,-1,0,,,,-1,240,0,0,0,0,30,23,2,-1,11,1,3,0,0,3,13,2,0,0,2,0,0,2,0,0,2,3,4,2,20,4,2,0,0,2,0,0,2,0,0,2,0,0,2,0,0,2,0,0,2,0,0,2,0,0,0,14,5,25,-1,-1,0,0,-1,-1,0,0,8,6,0,1,0,0,3,0,6,0,80,14,12,70,8,120,129600,0,0,0,0,-1,0,0,0,0,2,2,1,0,0,0,-1,0,8,261,18,0,2,-1,Grants EXP when used.,432,-1,-1,135266316,"use, craftable, no valuable effect, extra recovery facility"
129,Red Carpet,5,10,6,0,2,0,0,0,0,6,0,20,0,0,0,0,2,1,50,-1,0,-1,0,,,,-1,0,0,0,0,0,0,0,0,0,0,1,3,0,0,0,13,2,0,0,2,0,0,2,0,0,2,0,0,2,0,0,2,0,0,2,0,0,2,0,0,2,0,0,2,0,0,2,0,0,2,0,0,2,0,0,-1,-1,0,0,-1,-1,0,0,-1,-1,0,0,-1,6,0,0,0,0,0,0,6,0,15,14,12,10,8,120,129600,0,0,0,0,-1,0,0,0,0,0,0,1,0,0,0,-1,0,2,13,6,0,1,-1,Room decoration.,-1,-1,-1,3145768,"craftable, no lvlup, no valuable effect, no around effect"
130,Fluffy Carpet,5,10,6,0,3,0,0,0,0,6,0,30,0,0,0,0,2,1,325,-1,0,-1,0,,,,-1,0,0,0,0,0,0,0,0,0,0,1,3,0,0,0,13,2,0,0,2,0,0,2,0,0,2,0,0,2,0,0,2,0,0,2,0,0,2,0,0,2,0,0,2,0,0,2,0,0,2,0,0,2,0,0,-1,-1,0,0,-1,-1,0,0,-1,-1,0,0,-1,6,0,0,0,0,0,0,6,0,15,14,12,10,8,120,129600,0,0,0,0,-1,0,0,0,0,0,0,1,0,0,0,-1,0,7,152,16,0,1,-1,Room decoration.,-1,-1,-1,3145768,"craftable, no lvlup, no valuable effect, no around effect"
131,Black Mat,5,10,6,0,4,0,0,0,0,6,0,40,0,0,0,0,2,1,750,-1,0,-1,0,,,,-1,0,0,0,0,0,0,0,0,0,0,1,3,0,0,0,13,2,0,0,2,0,0,2,0,0,2,0,0,2,0,0,2,0,0,2,0,0,2,0,0,2,0,0,2,0,0,2,0,0,2,0,0,2,0,0,-1,-1,0,0,-1,-1,0,0,-1,-1,0,0,-1,6,0,0,0,0,0,0,6,0,15,14,12,10,8,120,129600,0,0,0,0,-1,0,0,0,0,0,0,1,0,0,0,-1,0,11,489,24,0,1,-1,Room decoration.,-1,-1,-1,3145768,"craftable, no lvlup, no valuable effect, no around effect"
132,Training Room,47,10,6,0,2,3,0,0,0,6,0,20,27,0,0,0,2,1,195,-1,0,-1,0,,,,-1,240,0,0,0,0,0,4,-2,0,9,1,3,0,0,0,13,2,0,0,2,0,0,2,0,0,2,10,5,2,0,0,2,5,5,2,5,5,2,0,0,2,0,0,2,0,0,2,0,0,2,0,0,2,0,0,0,13,5,25,-1,-1,0,0,-1,-1,0,0,8,6,0,2,3,0,0,0,6,0,85,85,12,10,8,120,129600,0,0,0,0,-1,0,0,0,0,3,3,1,0,0,0,-1,0,4,85,10,0,2,-1,Used for training to improve stats.,436,-1,-1,1048588,"use, craftable, no valuable effect"
133,Shooting Range,47,10,6,0,0,5,0,3,0,6,0,0,45,0,21,0,2,1,610,-1,0,-1,0,,,,-1,240,0,0,0,0,0,4,-2,0,9,1,3,0,0,0,13,2,0,0,2,0,0,2,0,0,2,5,8,2,0,0,2,0,0,2,20,8,2,0,0,2,0,0,2,0,0,2,0,0,2,0,0,2,0,0,0,16,5,25,-1,-1,0,0,-1,-1,0,0,8,6,0,0,5,0,3,0,6,0,15,95,12,70,8,120,129600,0,0,0,0,-1,0,0,0,0,3,3,1,0,0,0,-1,0,6,293,14,0,2,-1,Used for training to improve stats.,437,-1,-1,1048588,"use, craftable, no valuable effect"
134,Magic Training Ground,47,10,6,0,0,3,0,0,5,6,0,0,27,0,0,30,2,1,750,-1,0,-1,0,,,,-1,240,0,0,0,0,0,31,-2,0,9,1,3,0,0,0,13,2,0,0,2,20,8,2,0,0,2,0,0,2,0,0,2,0,0,2,0,0,2,0,0,2,12,8,2,12,8,2,0,0,2,0,0,2,0,0,0,18,5,25,-1,-1,0,0,-1,-1,0,0,8,6,0,0,3,0,0,5,6,0,15,85,12,10,70,120,129600,0,0,0,0,-1,0,0,0,0,3,3,1,0,0,0,-1,0,9,500,20,0,2,-1,Used for training to improve stats.,438,-1,-1,1048588,"use, craftable, no valuable effect"
135,Rejuvenating Bath,4,10,6,0,0,3,0,2,0,6,0,0,27,0,14,0,2,1,195,-1,0,-1,0,,,,-1,240,0,0,0,0,900,34,0,0,0,20,3,3,5,1,13,2,0,0,2,0,0,2,0,0,2,0,0,2,0,0,2,0,0,2,0,0,2,0,0,2,0,0,2,0,0,2,0,0,2,10,5,2,0,0,1,-1,5,25,-1,-1,0,0,-1,-1,0,0,8,6,0,0,3,0,2,0,6,0,15,85,12,65,8,120,129600,0,0,0,0,-1,0,0,0,0,3,3,1,0,0,0,-1,0,4,85,10,0,2,-1,Handy when you need to recover.,439,-1,-1,68157448,"craftable, no valuable effect, full recovery facility"
136,Rainwater Barrel,4,10,6,0,0,1,0,4,0,6,0,0,9,0,28,0,2,1,75,-1,0,-1,0,,,,-1,240,0,0,0,0,110,23,0,0,6,1,3,5,3,3,13,2,0,0,2,10,5,2,0,0,2,0,0,2,0,0,2,0,0,2,0,0,2,0,0,2,0,0,2,0,0,2,0,0,2,0,0,2,0,0,0,20,5,25,-1,-1,0,0,-1,-1,0,0,8,6,0,0,1,0,4,0,6,0,15,75,12,75,8,120,129600,0,0,0,0,-1,0,0,0,0,3,3,1,0,0,0,-1,0,2,25,6,0,1,20,Sometimes produces water.,440,-1,-1,135266316,"use, craftable, no valuable effect, extra recovery facility"
137,Fireplace,4,10,6,0,0,3,0,1,0,6,0,0,27,0,7,0,2,1,750,-1,0,-1,0,,,,-1,240,0,0,0,0,80,23,-2,0,9,1,3,0,5,3,13,2,0,0,2,0,0,2,0,0,2,0,0,2,0,0,2,0,0,2,5,4,2,0,0,2,0,0,2,10,4,2,0,0,2,0,0,2,0,0,0,20,5,25,-1,-1,0,0,-1,-1,0,0,8,6,0,0,3,0,1,0,6,0,15,85,12,60,8,120,129600,0,0,0,0,-1,0,0,0,0,3,3,1,0,0,0,-1,0,11,489,24,0,1,10,Sometimes produces meals.,441,-1,-1,135266316,"use, craftable, no valuable effect, extra recovery facility"
138,Tool Workshop,4,10,6,0,1,0,0,3,0,6,0,10,0,0,21,0,2,1,750,-1,0,-1,0,,,,-1,240,0,0,0,0,0,23,-2,2,9,1,3,0,0,0,13,2,0,0,2,0,0,2,0,0,2,0,0,2,0,0,2,0,0,2,0,0,2,0,0,2,10,4,2,0,0,2,0,0,2,0,0,2,0,0,0,18,5,25,-1,-1,0,0,-1,-1,0,0,-1,6,0,0,0,0,0,0,6,0,15,14,12,10,8,120,129600,0,0,0,0,-1,0,0,0,0,3,3,1,0,0,0,-1,0,16,500,34,0,1,2,Produces tools.,498,-1,-1,1048620,"use, craftable, no lvlup, no valuable effect"
139,Kitchen Shelves,4,10,6,0,1,2,0,0,0,6,0,10,18,0,0,0,2,1,40,-1,0,-1,0,,,,-1,240,0,0,0,0,110,23,-2,0,11,1,3,0,3,8,13,2,0,0,2,0,0,2,0,0,2,0,0,2,0,0,2,0,0,2,0,0,2,0,0,2,0,0,2,0,0,2,0,0,2,0,0,2,10,3,0,12,5,25,-1,-1,0,0,-1,-1,0,0,8,6,0,1,2,0,0,0,6,0,80,80,12,10,8,120,129600,0,0,0,0,-1,0,0,0,0,3,3,1,0,0,0,-1,0,1,8,4,0,1,11,Sometimes produces meals.,443,-1,-1,135266316,"use, craftable, no valuable effect, extra recovery facility"
140,Bathtub,4,10,6,0,0,2,0,4,0,6,0,0,18,0,28,0,2,1,335,-1,0,-1,0,,,,-1,240,0,0,0,0,450,34,0,6,-4,1,3,15,15,15,13,2,0,0,2,0,0,2,0,0,2,0,0,2,0,0,2,0,0,2,5,6,2,0,0,2,0,0,2,0,0,2,0,0,2,0,0,2,0,0,1,-1,5,25,-1,-1,0,0,-1,-1,0,0,8,6,0,0,2,0,4,0,6,0,15,80,12,75,8,120,129600,0,0,0,0,-1,0,0,0,0,3,3,1,0,0,0,-1,0,5,155,12,0,2,-1,Handy when you need to recover.,444,-1,-1,143654924,"use, craftable, no valuable effect, user flip front and back, extra recovery facility"
141,Chest of Drawers,4,10,6,0,2,4,0,0,0,6,0,20,36,0,0,0,2,1,80,-1,0,-1,0,,,,-1,240,0,0,0,0,100,23,-2,0,11,1,3,0,5,5,13,2,0,0,2,0,0,2,0,0,2,0,0,2,0,0,2,0,0,2,0,0,2,0,0,2,0,0,2,0,0,2,0,0,2,0,0,2,10,6,0,12,5,25,-1,-1,0,0,-1,-1,0,0,8,6,0,2,4,0,0,0,6,0,85,90,12,10,8,120,129600,0,0,0,0,-1,0,0,0,0,3,3,1,0,0,0,-1,0,2,29,6,0,2,-1,Grants EXP when used.,445,-1,-1,135266316,"use, craftable, no valuable effect, extra recovery facility"
142,Stove,88,10,6,0,0,2,0,4,0,6,0,0,18,0,28,0,2,1,335,-1,0,-1,0,,,,-1,240,0,0,0,0,90,36,-2,0,9,1,3,0,4,5,13,2,0,0,2,0,0,2,5,6,2,0,0,2,0,0,2,0,0,2,0,0,2,0,0,2,0,0,2,0,0,2,15,6,2,0,0,2,0,0,0,12,5,25,-1,-1,0,0,-1,-1,0,0,8,6,0,0,2,0,4,0,6,0,15,80,12,75,8,120,129600,0,0,0,0,-1,0,0,0,0,3,3,1,0,0,0,-1,0,5,155,12,0,1,11,Sometimes produces meals.,446,-1,-1,135266316,"use, craftable, no valuable effect, extra recovery facility"
143,Flower Vase,4,10,6,0,1,0,0,1,0,6,0,10,0,0,7,0,2,1,70,-1,0,-1,0,,,,-1,240,0,0,0,0,60,0,-2,0,11,1,3,3,3,0,13,2,0,0,2,0,0,2,0,0,2,0,0,2,0,0,2,0,0,2,0,0,2,0,0,2,0,0,2,0,0,2,0,0,2,10,2,2,0,0,0,16,5,25,-1,-1,0,0,-1,-1,0,0,-1,6,0,0,0,0,0,0,6,0,15,14,12,10,8,120,129600,0,0,0,0,-1,0,0,0,0,3,3,1,0,0,0,-1,0,3,23,8,0,2,-1,Grants EXP when used.,447,-1,-1,135266348,"use, craftable, no lvlup, no valuable effect, extra recovery facility"
144,Animal Figurine,4,10,6,0,1,2,0,0,0,6,0,10,18,0,0,0,2,1,750,-1,0,-1,0,,,,-1,240,0,0,0,0,80,0,-2,0,11,1,3,0,5,3,13,2,0,0,2,0,0,2,0,0,2,0,0,2,0,0,2,10,3,2,0,0,2,0,0,2,0,0,2,0,0,2,10,3,2,0,0,2,0,0,0,18,5,25,-1,-1,0,0,-1,-1,0,0,-1,6,0,0,0,0,0,0,6,0,15,14,12,10,8,120,129600,0,0,0,0,-1,0,0,0,0,3,3,1,0,0,0,-1,0,13,500,28,0,2,-1,Grants EXP when used.,499,-1,-1,135266348,"use, craftable, no lvlup, no valuable effect, extra recovery facility"
145,Vanity Mirror,4,10,6,0,0,0,0,3,1,6,0,0,0,0,21,6,2,1,545,-1,0,-1,0,,,,-1,240,0,0,0,0,100,28,1,2,9,1,3,0,5,5,13,2,0,0,2,0,0,2,0,0,2,0,0,2,0,0,2,0,0,2,0,0,2,0,0,2,0,0,2,0,0,2,0,0,2,0,0,2,15,4,0,22,5,25,-1,-1,0,0,-1,-1,0,0,8,6,0,0,0,0,3,1,6,0,15,14,12,70,50,120,129600,0,0,0,0,-1,0,0,0,0,3,3,1,0,0,0,-1,0,8,261,18,0,2,-1,Grants EXP when used.,449,-1,-1,135266316,"use, craftable, no valuable effect, extra recovery facility"
146,Cooking Counter,88,10,6,0,0,2,0,2,0,6,0,0,18,0,14,0,2,1,425,-1,0,-1,0,,,,-1,240,0,0,0,0,150,36,-2,0,11,1,3,5,5,5,13,2,0,0,2,0,0,2,0,0,2,0,0,2,0,0,2,0,0,2,0,0,2,0,0,2,0,0,2,10,4,2,0,0,2,0,0,2,10,4,0,12,5,25,-1,-1,0,0,-1,-1,0,0,8,6,0,0,2,0,2,0,6,0,15,80,12,65,8,120,129600,0,0,0,0,-1,0,0,0,0,3,3,1,0,0,0,-1,0,7,201,16,0,1,11,Sometimes produces meals.,450,-1,-1,135266316,"use, craftable, no valuable effect, extra recovery facility"
147,Shelf,4,10,6,0,0,3,0,0,0,6,0,0,27,0,0,0,2,1,85,-1,0,-1,0,,,,-1,240,0,0,0,0,80,23,-2,0,11,1,3,0,5,3,13,2,0,0,2,0,0,2,0,0,2,0,0,2,0,0,2,0,0,2,0,0,2,0,0,2,0,0,2,0,0,2,15,3,2,0,0,2,0,0,0,19,5,25,-1,-1,0,0,-1,-1,0,0,8,6,0,0,3,0,0,0,6,0,15,85,12,10,8,120,129600,0,0,0,0,-1,0,0,0,0,3,3,1,0,0,0,-1,0,3,32,8,0,2,-1,Grants EXP when used.,451,-1,-1,135266316,"use, craftable, no valuable effect, extra recovery facility"
148,Desk,4,10,6,0,0,3,0,0,0,6,0,0,27,0,0,0,2,1,40,-1,0,-1,0,,,,-1,240,0,0,0,0,80,28,-1,2,9,1,3,0,3,5,13,2,0,0,2,0,0,2,0,0,2,0,0,2,0,0,2,0,0,2,0,0,2,0,0,2,0,0,2,0,0,2,0,0,2,15,3,2,0,0,0,18,5,25,-1,-1,0,0,-1,-1,0,0,8,6,0,0,3,0,0,0,6,0,15,85,12,10,8,120,129600,0,0,0,0,-1,0,0,0,0,3,3,1,0,0,0,-1,0,1,8,4,0,1,1,Grants EXP when used.,452,-1,-1,135266316,"use, craftable, no valuable effect, extra recovery facility"
149,Window,4,10,6,0,0,2,0,2,0,6,0,0,18,0,14,0,2,1,680,-1,0,-1,0,,,,-1,240,0,0,0,0,200,23,-2,0,9,1,3,5,10,5,13,2,0,0,2,0,0,2,10,4,2,0,0,2,0,0,2,0,0,2,0,0,2,0,0,2,0,0,2,0,0,2,0,0,2,0,0,2,0,0,0,15,5,25,-1,-1,0,0,-1,-1,0,0,-1,6,0,0,0,0,0,0,6,0,15,14,12,10,8,120,129600,0,0,0,0,-1,0,0,0,0,3,3,1,0,0,0,-1,0,9,329,20,0,2,-1,Grants EXP when used.,-1,-1,-1,135266348,"use, craftable, no lvlup, no valuable effect, extra recovery facility"
150,Bookshelf,4,10,6,0,1,2,0,0,0,6,0,10,18,0,0,0,2,1,130,-1,0,-1,0,,,,-1,240,0,0,0,0,80,23,-2,0,11,1,3,0,5,3,13,2,0,0,2,5,3,2,0,0,2,0,0,2,0,0,2,0,0,2,0,0,2,0,0,2,15,3,2,10,3,2,0,0,2,0,0,2,0,0,0,18,5,25,-1,-1,0,0,-1,-1,0,0,8,6,0,1,2,0,0,0,6,0,80,80,12,10,8,120,129600,0,0,0,0,-1,0,0,0,0,3,3,1,0,0,0,-1,0,4,53,10,0,2,-1,Grants EXP when used.,454,-1,-1,135266316,"use, craftable, no valuable effect, extra recovery facility"
151,Dresser,4,10,6,0,1,2,0,0,0,6,0,10,18,0,0,0,2,1,185,-1,0,-1,0,,,,-1,240,0,0,0,0,80,23,-2,0,11,1,3,5,0,3,13,2,0,0,2,0,0,2,0,0,2,0,0,2,0,0,2,0,0,2,0,0,2,0,0,2,0,0,2,0,0,2,0,0,2,0,0,2,20,3,0,14,5,25,-1,-1,0,0,-1,-1,0,0,8,6,0,1,2,0,0,0,6,0,80,80,12,10,8,120,129600,0,0,0,0,-1,0,0,0,0,3,3,1,0,0,0,-1,0,5,80,12,0,2,-1,Grants EXP when used.,455,-1,-1,135266316,"use, craftable, no valuable effect, extra recovery facility"
152,Ore Workbench,4,10,6,0,0,1,0,3,0,6,0,0,9,0,21,0,2,1,750,-1,0,-1,0,,,,-1,240,0,0,0,0,0,23,-2,2,9,1,3,0,0,0,13,2,0,0,2,0,0,2,0,0,2,0,0,2,0,0,2,0,0,2,0,0,2,0,0,2,10,4,2,10,4,2,10,4,2,0,0,2,0,0,0,14,5,25,-1,-1,0,0,-1,-1,0,0,-1,6,0,0,0,0,0,0,6,0,15,14,12,10,8,120,129600,0,0,0,0,-1,0,0,0,0,3,3,1,0,0,0,-1,0,23,500,48,0,1,3,Produces ore.,456,-1,-1,1048620,"use, craftable, no lvlup, no valuable effect"
153,Study Desk,4,10,6,0,1,3,0,0,0,6,0,10,27,0,0,0,2,1,65,-1,0,-1,0,,,,-1,240,0,0,0,0,30,28,-2,0,9,1,3,0,0,3,13,2,0,0,2,0,0,2,0,0,2,0,0,2,0,0,2,0,0,2,0,0,2,0,0,2,25,4,2,0,0,2,0,0,2,0,0,2,0,0,0,18,5,25,-1,-1,0,0,-1,-1,0,0,8,6,0,1,3,0,0,0,6,0,80,85,12,10,8,120,129600,0,0,0,0,-1,0,0,0,0,3,3,1,0,0,0,-1,0,2,21,6,0,1,2,Grants EXP when used.,457,-1,-1,135266316,"use, craftable, no valuable effect, extra recovery facility"
154,Friend Bed,29,10,6,0,3,3,0,0,0,6,0,30,27,0,0,0,2,1,1,-1,0,-1,0,,,,-1,240,0,0,0,0,30000,6,0,0,0,1,3,100,100,100,13,2,0,0,2,0,0,2,0,0,2,0,0,2,0,0,2,0,0,2,0,0,2,0,0,2,0,0,2,0,0,2,0,0,2,0,0,2,0,0,0,16,5,25,-1,-1,0,0,-1,-1,0,0,-1,6,0,0,0,0,0,0,6,0,15,14,12,10,8,120,129600,0,0,0,0,-1,0,0,0,0,0,0,1,0,0,0,-1,0,0,0,0,0,1,-1,A place for your friends to stay.,458,-1,-1,1573152,"no lvlup, guest usable, for friend, no valuable effect"
155,Guest Bed,29,10,6,0,2,2,0,0,0,6,0,20,18,0,0,0,2,1,1,-1,0,-1,0,,,,-1,240,0,0,0,0,30000,6,0,0,0,1,3,100,100,100,13,2,0,0,2,0,0,2,0,0,2,0,0,2,0,0,2,0,0,2,0,0,2,0,0,2,0,0,2,0,0,2,0,0,2,0,0,2,0,0,0,12,5,25,-1,-1,0,0,-1,-1,0,0,-1,6,0,0,0,0,0,0,6,0,15,14,12,10,8,120,129600,0,0,0,0,-1,0,0,0,0,0,0,1,0,0,0,-1,0,0,0,0,0,1,-1,A place for visiting adventurers to stay.,459,-1,-1,1311008,"no lvlup, guest usable, for adventurer, no valuable effect"
156,Crib,106,10,6,0,1,10,0,0,0,6,0,10,90,0,0,0,2,1,1,-1,0,-1,0,,,,-1,240,0,0,0,0,0,0,0,0,0,1,3,0,0,0,13,2,0,0,2,0,0,2,0,0,2,0,0,2,0,0,2,0,0,2,0,0,2,0,0,2,0,0,2,0,0,2,0,0,2,0,0,2,0,0,-1,-1,0,0,-1,-1,0,0,-1,-1,0,0,-1,6,0,0,0,0,0,0,6,0,15,14,12,10,8,120,129600,0,0,0,0,-1,0,0,0,0,0,0,1,0,0,0,-1,0,0,0,0,0,1,-1,Perfect for a new baby.,460,-1,-1,3145761,"infinite stock, no lvlup, no valuable effect, no around effect"
157,Monster Room,83,10,6,0,8,8,0,0,0,6,0,80,72,0,0,0,2,1,1,-1,0,-1,0,,,,-1,240,0,0,0,0,20000,0,0,0,0,1,3,100,100,0,13,2,0,0,2,0,0,2,0,0,2,0,0,2,0,0,2,0,0,2,0,0,2,0,0,2,0,0,2,0,0,2,0,0,2,0,0,2,0,0,0,13,5,25,-1,-1,0,0,-1,-1,0,0,-1,6,0,0,0,0,0,0,6,0,15,14,12,10,8,120,129600,0,0,0,0,-1,0,0,0,0,10,10,1,0,0,0,-1,0,0,0,0,0,1,-1,Used during conquests with Household Heads.,461,-1,-1,3342368,"no lvlup, monster egg settable, for monster, no valuable effect, no around effect"
158,Church,56,10,6,0,0,5,0,3,0,6,0,0,45,0,21,0,2,1,1,-1,0,-1,0,,,,-1,240,0,0,0,0,0,0,-3,-4,-5,1,3,0,0,0,13,2,0,0,2,0,0,2,0,0,2,0,0,2,0,0,2,0,0,2,0,0,2,0,0,2,0,0,2,0,0,2,0,0,2,0,0,2,0,0,-1,-1,0,0,-1,-1,0,0,-1,-1,0,0,9,6,0,0,0,0,0,0,6,0,15,14,12,10,8,120,129600,0,0,0,0,-1,0,0,0,0,0,0,1,0,0,0,82,1,0,0,0,0,1,5,Handy when residents reach the end of their lifespan.,462,-1,-1,3145760,"no lvlup, no valuable effect, no around effect"
159,Treasure Spawn,38,10,6,0,0,0,0,2,5,6,0,0,0,0,14,30,2,1,1,-1,0,-1,0,,,,-1,720,5,500,0,0,0,0,0,0,0,1,3,0,0,0,13,2,0,0,2,0,0,2,0,0,2,0,0,2,0,0,2,0,0,2,0,0,2,0,0,2,0,0,2,0,0,2,0,0,2,0,0,2,0,0,-1,-1,0,0,-1,-1,0,0,-1,-1,0,0,7,6,0,0,0,0,2,5,6,0,15,14,12,65,70,120,129600,0,0,0,0,-1,0,0,0,0,0,0,1,0,0,0,-1,0,0,0,0,0,1,-1,It's wild and untamed.,-1,-1,-1,3145728,"no valuable effect, no around effect"
160,Dragon Stables,45,10,6,0,0,5,0,0,6,6,0,0,45,0,0,36,2,1,1,-1,0,-1,0,,,,-1,720,5,500,0,0,0,0,0,0,0,1,3,0,0,0,13,2,0,0,2,0,0,2,0,0,2,0,0,2,0,0,2,0,0,2,0,0,2,0,0,2,0,0,2,0,0,2,0,0,2,0,0,2,0,0,-1,-1,0,0,-1,-1,0,0,-1,-1,0,0,-1,6,0,0,0,0,0,0,6,0,15,14,12,10,8,120,129600,0,0,0,0,-1,0,0,0,0,0,0,1,0,0,0,-1,0,0,0,0,0,1,-1,Rents out dragons to ride.,464,-1,2,3145760,"no lvlup, no valuable effect, no around effect"
161,Pitfall,38,10,6,0,5,0,5,0,0,6,0,50,0,40,0,0,2,1,1,-1,0,-1,0,,,,-1,720,50,500,0,0,0,0,0,0,0,1,3,0,0,0,13,2,0,0,2,0,0,2,0,0,2,0,0,2,0,0,2,0,0,2,0,0,2,0,0,2,0,0,2,0,0,2,0,0,2,0,0,2,0,0,3,-1,5,25,-1,-1,0,0,-1,-1,0,0,7,6,0,5,0,5,0,0,6,0,100,14,85,10,8,120,129600,0,0,0,0,-1,0,0,0,0,0,0,1,0,0,0,-1,0,0,0,0,500,1,-1,Traps attacking monsters.,465,-1,-1,0,
162,Monster Stables,84,10,6,0,2,2,0,0,0,6,0,20,18,0,0,0,2,1,1,-1,0,-1,0,,,,-1,720,5,500,0,0,20000,0,0,0,0,1,3,100,100,0,13,2,0,0,2,0,0,2,0,0,2,0,0,2,0,0,2,0,0,2,0,0,2,0,0,2,0,0,2,0,0,2,0,0,2,0,0,2,0,0,-1,-1,0,0,-1,-1,0,0,-1,-1,0,0,-1,6,0,0,0,0,0,0,6,0,15,14,12,10,8,120,129600,0,0,0,0,-1,0,0,0,0,10,10,1,0,0,0,-1,0,0,0,0,0,1,-1,Damages attacking monsters.,466,-1,-1,3342368,"no lvlup, monster egg settable, for monster, no valuable effect, no around effect"
163,Scorched Earth,38,10,6,0,0,2,4,0,0,6,0,0,18,32,0,0,2,1,1,-1,0,-1,0,,,,-1,480,5,500,0,0,0,0,0,0,0,1,3,0,0,0,13,2,0,0,2,0,0,2,0,0,2,0,0,2,0,0,2,0,0,2,0,0,2,0,0,2,0,0,2,0,0,2,0,0,2,0,0,2,0,0,-1,-1,0,0,-1,-1,0,0,-1,-1,0,0,-1,6,0,0,0,0,0,0,6,0,15,14,12,10,8,120,129600,0,0,0,0,-1,0,0,0,0,0,0,1,0,0,0,-1,0,0,0,0,0,1,-1,It's wild and untamed.,-1,-1,-1,3145760,"no lvlup, no valuable effect, no around effect"
164,Recovery Outpost,38,10,6,0,0,2,3,0,0,6,0,0,18,24,0,0,2,1,1,-1,0,-1,0,,,,-1,480,5,500,0,0,1800,34,0,0,0,20,3,6,6,6,13,2,0,0,2,0,0,2,0,0,2,0,0,2,0,0,2,0,0,2,0,0,2,0,0,2,0,0,2,0,0,2,0,0,2,0,0,2,0,0,-1,-1,0,0,-1,-1,0,0,-1,-1,0,0,-1,6,0,0,0,0,0,0,6,0,15,14,12,10,8,120,129600,0,0,0,0,-1,0,0,0,0,0,0,1,0,0,0,-1,0,0,0,0,0,1,-1,Helps allies recover while out on quests.,468,-1,-1,1048608,"no lvlup, no valuable effect"
165,Master Smithy,73,10,6,0,1,0,0,0,0,6,0,1,0,0,0,0,2,1,1,-1,0,-1,0,,,,-1,480,5,500,0,0,0,0,0,0,0,1,3,0,0,0,13,2,0,0,2,0,0,2,0,0,2,0,0,2,0,0,2,0,0,2,0,0,2,0,0,2,0,0,2,0,0,2,0,0,2,0,0,2,0,0,-1,-1,0,0,-1,-1,0,0,-1,-1,0,0,-1,6,0,0,0,0,0,0,6,0,15,14,12,10,8,120,129600,0,0,0,0,-1,0,0,0,0,0,0,1,0,0,0,-1,0,0,0,0,0,1,-1,Used to upgrade equipment.,469,-1,-1,36700192,"no lvlup, no valuable effect, no around effect, special facility"
166,Friend Post Office,68,10,6,0,1,0,0,0,0,6,0,1,0,0,0,0,2,1,1,-1,0,-1,0,,,,-1,480,5,500,0,0,0,0,0,0,0,1,3,0,0,0,13,2,0,0,2,0,0,2,0,0,2,0,0,2,0,0,2,0,0,2,0,0,2,0,0,2,0,0,2,0,0,2,0,0,2,0,0,2,0,0,-1,-1,0,0,-1,-1,0,0,-1,-1,0,0,-1,6,0,0,0,0,0,0,6,0,15,14,12,10,8,120,129600,0,0,0,0,-1,0,0,0,0,0,0,1,0,0,0,-1,0,0,0,0,0,1,-1,Used to manage Friends.,470,-1,-1,36700192,"no lvlup, no valuable effect, no around effect, special facility"
167,Briefing Room,72,10,6,0,1,0,0,0,0,6,0,1,0,0,0,0,2,1,1,-1,0,-1,0,,,,-1,480,5,500,0,0,0,0,0,0,0,1,3,0,0,0,13,2,0,0,2,0,0,2,0,0,2,0,0,2,0,0,2,0,0,2,0,0,2,0,0,2,0,0,2,0,0,2,0,0,2,0,0,2,0,0,-1,-1,0,0,-1,-1,0,0,-1,-1,0,0,-1,6,0,0,0,0,0,0,6,0,15,14,12,10,8,120,129600,0,0,0,0,-1,0,0,0,0,0,0,1,0,0,0,-1,0,0,0,0,0,1,-1,Used to manage Missions.,471,-1,-1,36700192,"no lvlup, no valuable effect, no around effect, special facility"
168,Weekly Conquest Bonus,74,10,6,0,1,0,0,0,0,6,0,1,0,0,0,0,2,1,1,-1,0,-1,0,,,,-1,480,5,500,0,0,0,0,0,0,0,1,3,0,0,0,13,2,0,0,2,0,0,2,0,0,2,0,0,2,0,0,2,0,0,2,0,0,2,0,0,2,0,0,2,0,0,2,0,0,2,0,0,2,0,0,-1,-1,0,0,-1,-1,0,0,-1,-1,0,0,-1,6,0,0,0,0,0,0,6,0,15,14,12,10,8,120,129600,0,0,0,0,-1,0,0,0,0,0,0,1,0,0,0,-1,0,0,0,0,0,1,-1,A place to team up with Friends.,472,-1,-1,36700192,"no lvlup, no valuable effect, no around effect, special facility"
169,Treasure Room,67,10,6,0,1,0,0,0,0,6,0,1,0,0,0,0,2,1,1,-1,0,-1,0,,,,-1,480,5,500,0,0,0,0,0,0,0,1,3,0,0,0,13,2,0,0,2,0,0,2,0,0,2,0,0,2,0,0,2,0,0,2,0,0,2,0,0,2,0,0,2,0,0,2,0,0,2,0,0,2,0,0,-1,-1,0,0,-1,-1,0,0,-1,-1,0,0,-1,6,0,0,0,0,0,0,6,0,15,14,12,10,8,120,129600,0,0,0,0,-1,0,0,0,0,0,0,1,0,0,0,-1,0,0,0,0,0,1,-1,A place to buy treasure.,473,-1,-1,36700192,"no lvlup, no valuable effect, no around effect, special facility"
170,Monster Farm,82,10,6,0,1,0,0,0,0,6,0,1,0,0,0,0,2,1,1,-1,0,-1,0,,,,-1,480,5,500,0,0,0,0,0,0,0,1,3,0,0,0,13,2,0,0,2,0,0,2,0,0,2,0,0,2,0,0,2,0,0,2,0,0,2,0,0,2,0,0,2,0,0,2,0,0,2,0,0,2,0,0,-1,-1,0,0,-1,-1,0,0,-1,-1,0,0,-1,6,0,0,0,0,0,0,6,0,15,14,12,10,8,120,129600,0,0,0,0,-1,0,0,0,0,0,0,1,0,0,0,-1,0,0,0,0,0,1,-1,Used to manage Monsters.,474,-1,-1,36700192,"no lvlup, no valuable effect, no around effect, special facility"
171,Trophy Room,71,10,6,0,1,0,0,0,0,6,0,1,0,0,0,0,2,1,1,-1,0,-1,0,,,,-1,480,5,500,0,0,0,0,0,0,0,1,3,0,0,0,13,2,0,0,2,0,0,2,0,0,2,0,0,2,0,0,2,0,0,2,0,0,2,0,0,2,0,0,2,0,0,2,0,0,2,0,0,2,0,0,-1,-1,0,0,-1,-1,0,0,-1,-1,0,0,-1,6,0,0,0,0,0,0,6,0,15,14,12,10,8,120,129600,0,0,0,0,-1,0,0,0,0,0,0,1,0,0,0,-1,0,0,0,0,0,1,-1,A place to get trophies.,475,-1,-1,36700192,"no lvlup, no valuable effect, no around effect, special facility"
172,Ranking Board,70,10,6,0,1,0,0,0,0,6,0,1,0,0,0,0,2,1,1,-1,0,-1,0,,,,-1,480,5,500,0,0,0,0,0,0,0,1,3,0,0,0,13,2,0,0,2,0,0,2,0,0,2,0,0,2,0,0,2,0,0,2,0,0,2,0,0,2,0,0,2,0,0,2,0,0,2,0,0,2,0,0,-1,-1,0,0,-1,-1,0,0,-1,-1,0,0,-1,6,0,0,0,0,0,0,6,0,15,14,12,10,8,120,129600,0,0,0,0,-1,0,0,0,0,0,0,1,0,0,0,-1,0,0,0,0,0,1,-1,A place to check the daily rankings.,476,-1,-1,36700192,"no lvlup, no valuable effect, no around effect, special facility"
173,Friends Agency,77,10,6,0,1,0,0,0,0,6,0,1,0,0,0,0,2,1,1,-1,0,-1,0,,,,-1,480,5,500,0,0,0,0,0,0,0,1,3,0,0,0,13,2,0,0,2,0,0,2,0,0,2,0,0,2,0,0,2,0,0,2,0,0,2,0,0,2,0,0,2,0,0,2,0,0,2,0,0,2,0,0,-1,-1,0,0,-1,-1,0,0,-1,-1,0,0,-1,6,0,0,0,0,0,0,6,0,15,14,12,10,8,120,129600,0,0,0,0,-1,0,0,0,0,0,0,1,0,0,0,-1,0,0,0,0,0,1,-1,Used to view Suggested Friends.,484,-1,-1,36700192,"no lvlup, no valuable effect, no around effect, special facility"
174,Job Center,75,10,6,0,1,0,0,0,0,6,0,1,0,0,0,0,2,1,1,-1,0,-1,0,,,,-1,480,5,500,0,0,0,0,0,0,0,1,3,0,0,0,13,2,0,0,2,0,0,2,0,0,2,0,0,2,0,0,2,0,0,2,0,0,2,0,0,2,0,0,2,0,0,2,0,0,2,0,0,2,0,0,-1,-1,0,0,-1,-1,0,0,-1,-1,0,0,-1,6,0,0,0,0,0,0,6,0,15,14,12,10,8,120,129600,0,0,0,0,-1,0,0,0,0,0,0,1,0,0,0,-1,0,0,0,0,0,1,-1,Used to purchase jobs up to Rank A.,485,-1,-1,36700192,"no lvlup, no valuable effect, no around effect, special facility"
175,Material Shop,76,10,6,0,1,0,0,0,0,6,0,1,0,0,0,0,2,1,1,-1,0,-1,0,,,,-1,480,5,500,0,0,0,0,0,0,0,1,3,0,0,0,13,2,0,0,2,0,0,2,0,0,2,0,0,2,0,0,2,0,0,2,0,0,2,0,0,2,0,0,2,0,0,2,0,0,2,0,0,2,0,0,-1,-1,0,0,-1,-1,0,0,-1,-1,0,0,-1,6,0,0,0,0,0,0,6,0,15,14,12,10,8,120,129600,0,0,0,0,-1,0,0,0,0,0,0,1,0,0,0,-1,0,0,0,0,0,1,-1,Used to purchase materials.,486,-1,-1,36700192,"no lvlup, no valuable effect, no around effect, special facility"
176,Gold Exchange,85,10,6,0,1,0,0,0,0,6,0,1,0,0,0,0,2,1,1,-1,0,-1,0,,,,-1,480,5,500,0,0,0,0,0,0,0,1,3,0,0,0,13,2,0,0,2,0,0,2,0,0,2,0,0,2,0,0,2,0,0,2,0,0,2,0,0,2,0,0,2,0,0,2,0,0,2,0,0,2,0,0,-1,-1,0,0,-1,-1,0,0,-1,-1,0,0,-1,6,0,0,0,0,0,0,6,0,15,14,12,10,8,120,129600,0,0,0,0,-1,0,0,0,0,0,0,1,0,0,0,-1,0,0,0,0,0,1,-1,A place to trade Gold Coins for goods.,487,-1,-1,36700192,"no lvlup, no valuable effect, no around effect, special facility"
177,Instructor's Room,81,10,6,0,1,0,0,0,0,6,0,1,0,0,0,0,2,1,1,-1,0,-1,0,,,,-1,480,5,500,0,0,0,0,0,0,0,1,3,0,0,0,13,2,0,0,2,0,0,2,0,0,2,0,0,2,0,0,2,0,0,2,0,0,2,0,0,2,0,0,2,0,0,2,0,0,2,0,0,2,0,0,-1,-1,0,0,-1,-1,0,0,-1,-1,0,0,-1,6,0,0,0,0,0,0,6,0,15,14,12,10,8,120,129600,0,0,0,0,-1,0,0,0,0,0,0,1,0,0,0,-1,0,0,0,0,0,1,-1,Helps allies become instructors.,488,-1,-1,36700192,"no lvlup, no valuable effect, no around effect, special facility"
178,Monster Fusion Lab,86,10,6,0,1,0,0,0,0,6,0,1,0,0,0,0,2,1,1,-1,0,-1,0,,,,-1,480,5,500,0,0,0,0,0,0,0,1,3,0,0,0,13,2,0,0,2,0,0,2,0,0,2,0,0,2,0,0,2,0,0,2,0,0,2,0,0,2,0,0,2,0,0,2,0,0,2,0,0,2,0,0,-1,-1,0,0,-1,-1,0,0,-1,-1,0,0,-1,6,0,0,0,0,0,0,6,0,15,14,12,10,8,120,129600,0,0,0,0,-1,0,0,0,0,0,0,1,0,0,0,-1,0,0,0,0,0,1,-1,Used to fuse Monsters.,491,-1,-1,36700192,"no lvlup, no valuable effect, no around effect, special facility"
179,Monster Shop,87,10,6,0,1,0,0,0,0,6,0,1,0,0,0,0,2,1,1,-1,0,-1,0,,,,-1,480,5,500,0,0,0,0,0,0,0,1,3,0,0,0,13,2,0,0,2,0,0,2,0,0,2,0,0,2,0,0,2,0,0,2,0,0,2,0,0,2,0,0,2,0,0,2,0,0,2,0,0,2,0,0,-1,-1,0,0,-1,-1,0,0,-1,-1,0,0,-1,6,0,0,0,0,0,0,6,0,15,14,12,10,8,120,129600,0,0,0,0,-1,0,0,0,0,0,0,1,0,0,0,-1,0,0,0,0,0,1,-1,Used to sell Monsters.,492,-1,-1,36700192,"no lvlup, no valuable effect, no around effect, special facility"
180,Kairo Room,66,10,6,0,1,0,0,0,0,6,0,1,0,0,0,0,2,1,1,-1,0,-1,0,,,,-1,480,5,500,0,0,0,0,0,0,0,1,3,0,0,0,13,2,0,0,2,0,0,2,0,0,2,0,0,2,0,0,2,0,0,2,0,0,2,0,0,2,0,0,2,0,0,2,0,0,2,0,0,2,0,0,-1,-1,0,0,-1,-1,0,0,-1,-1,0,0,-1,6,0,0,0,0,0,0,6,0,15,14,12,10,8,120,129600,0,0,0,0,-1,0,0,0,0,0,0,1,0,0,0,-1,0,0,0,0,0,1,-1,A place to challenge Kairobot.,493,-1,-1,36700192,"no lvlup, no valuable effect, no around effect, special facility"
181,Underground Arena,80,10,6,0,1,0,0,0,0,6,0,1,0,0,0,0,2,1,1,-1,0,-1,0,,,,-1,480,5,500,0,0,0,0,0,0,0,1,3,0,0,0,13,2,0,0,2,0,0,2,0,0,2,0,0,2,0,0,2,0,0,2,0,0,2,0,0,2,0,0,2,0,0,2,0,0,2,0,0,2,0,0,-1,-1,0,0,-1,-1,0,0,-1,-1,0,0,-1,6,0,0,0,0,0,0,6,0,15,14,12,10,8,120,129600,0,0,0,0,-1,0,0,0,0,0,0,1,0,0,0,-1,0,0,0,0,0,1,-1,A place to challenge other players.,489,-1,-1,36700192,"no lvlup, no valuable effect, no around effect, special facility"
182,Ancestor Statue,4,10,6,0,0,1,0,3,0,6,0,0,9,0,21,0,2,1,750,-1,0,-1,0,,,,-1,480,0,0,0,0,100,0,-2,0,9,1,3,5,0,5,13,2,3,4,2,10,3,2,0,0,2,0,0,2,0,0,2,0,0,2,0,0,2,0,0,2,15,4,2,15,4,2,0,0,2,0,0,2,0,0,1,-1,5,25,-1,-1,0,0,-1,-1,0,0,-1,6,0,0,0,0,0,0,6,0,15,14,12,10,8,120,129600,0,0,0,0,-1,0,0,0,0,3,3,1,0,0,0,75,1,12,500,26,0,2,-1,One of the great rulers of antiquity.,477,-1,-1,135266348,"use, craftable, no lvlup, no valuable effect, extra recovery facility"
183,Copper Coin Box,79,10,6,0,0,2,0,0,2,6,0,0,18,0,0,12,2,1,1,12,0,-1,0,,,,-1,960,30,500,0,0,0,0,0,0,0,1,3,0,0,0,13,2,0,0,2,0,0,2,0,0,2,0,0,2,0,0,2,0,0,2,0,0,2,0,0,2,0,0,2,0,0,2,0,0,2,0,0,2,0,0,3,-1,5,25,-1,-1,0,0,-1,-1,0,0,7,6,0,0,2,0,0,2,6,0,15,80,12,10,55,120,129600,0,0,0,0,-1,0,0,0,0,0,0,1,0,0,0,-1,0,0,0,0,50,1,-1,Used to store Copper Coins.,478,-1,-1,0,
184,Silver Coin Box,79,10,6,0,0,4,0,0,4,6,0,0,36,0,0,24,2,1,1,13,0,-1,0,,,,-1,960,30,500,0,0,0,0,0,0,0,1,3,0,0,0,13,2,0,0,2,0,0,2,0,0,2,0,0,2,0,0,2,0,0,2,0,0,2,0,0,2,0,0,2,0,0,2,0,0,2,0,0,2,0,0,3,-1,5,25,-1,-1,0,0,-1,-1,0,0,7,6,0,0,4,0,0,4,6,0,15,90,12,10,65,120,129600,0,0,0,0,-1,0,0,0,0,0,0,1,0,0,0,-1,0,0,0,0,50,1,-1,Used to store Silver Coins.,479,-1,-1,0,
185,Gold Coin Box,79,10,6,0,0,6,0,0,6,6,0,0,54,0,0,36,2,1,1,14,0,-1,0,,,,-1,960,30,500,0,0,0,0,0,0,0,1,3,0,0,0,13,2,0,0,2,0,0,2,0,0,2,0,0,2,0,0,2,0,0,2,0,0,2,0,0,2,0,0,2,0,0,2,0,0,2,0,0,2,0,0,3,-1,5,25,-1,-1,0,0,-1,-1,0,0,7,6,0,0,6,0,0,6,6,0,15,100,12,10,75,120,129600,0,0,0,0,-1,0,0,0,0,0,0,1,0,0,0,-1,0,0,0,0,50,1,-1,Used to store Gold Coins.,480,-1,-1,0,
186,Kairo King Statue,38,10,6,0,0,1,0,0,3,6,0,0,9,0,0,18,2,1,1,-1,0,-1,0,,,,-1,960,50,500,0,0,450,23,0,0,-11,1,3,15,15,15,13,2,10,4,2,10,4,2,10,4,2,10,4,2,10,4,2,10,4,2,10,4,2,0,0,2,15,4,2,15,4,2,15,4,2,15,4,2,15,4,0,18,5,25,-1,-1,0,0,-1,-1,0,0,7,6,0,0,1,0,0,3,6,0,15,75,12,10,60,120,129600,0,0,0,0,-1,0,0,0,0,0,0,1,0,0,0,-1,0,0,0,0,300,2,-1,A majestic bronze statue.,481,-1,-1,142606340,"use, user flip front and back, extra recovery facility"
187,Town Hall Storehouse,17,10,6,0,0,0,0,0,0,6,0,0,0,0,0,0,2,1,1,8,0,-1,0,,,,-1,1,15,500,0,0,0,0,0,0,0,1,3,0,0,0,13,2,0,0,2,0,0,2,0,0,2,0,0,2,0,0,2,0,0,2,0,0,2,0,0,2,0,0,2,0,0,2,0,0,2,0,0,2,0,0,-1,-1,0,0,-1,-1,0,0,-1,-1,0,0,-1,6,0,0,0,0,0,0,6,0,15,14,12,10,8,120,129600,0,0,0,0,-1,0,0,0,0,0,0,1,0,0,0,-1,0,0,0,0,50,1,-1,Used to store treasure.,482,-1,-1,33554464,"no lvlup, special facility"
188,Town Hall Storehouse,17,10,6,0,0,0,0,0,0,6,0,0,0,0,0,0,2,1,1,9,0,-1,0,,,,-1,1,15,500,0,0,0,0,0,0,0,1,3,0,0,0,13,2,0,0,2,0,0,2,0,0,2,0,0,2,0,0,2,0,0,2,0,0,2,0,0,2,0,0,2,0,0,2,0,0,2,0,0,2,0,0,-1,-1,0,0,-1,-1,0,0,-1,-1,0,0,-1,6,0,0,0,0,0,0,6,0,15,14,12,10,8,120,129600,0,0,0,0,-1,0,0,0,0,0,0,1,0,0,0,-1,0,0,0,0,50,1,-1,Used to store items.,-1,-1,-1,33554464,"no lvlup, special facility"
189,Day Care,105,10,6,0,0,0,0,20,20,6,0,0,0,0,20,20,2,1,1,-1,0,-1,0,,,,-1,480,5,500,0,0,0,0,0,0,0,1,3,0,0,0,13,2,0,0,2,0,0,2,0,0,2,0,0,2,0,0,2,0,0,2,0,0,2,0,0,2,0,0,2,0,0,2,0,0,2,0,0,2,0,0,-1,-1,0,0,-1,-1,0,0,-1,-1,0,0,-1,6,0,0,0,0,0,0,6,0,15,14,12,10,8,120,129600,0,0,0,0,-1,0,0,0,0,0,0,1,0,0,0,-1,0,0,0,0,0,1,-1,Used to care for the town's children.,573,-1,-1,36700192,"no lvlup, no valuable effect, no around effect, special facility"
190,Scorched Earth,66,10,6,0,1,0,0,0,0,6,0,1,0,0,0,0,2,1,1,-1,0,-1,0,,,,-1,480,5,500,0,0,0,0,0,0,0,1,3,0,0,0,13,2,0,0,2,0,0,2,0,0,2,0,0,2,0,0,2,0,0,2,0,0,2,0,0,2,0,0,2,0,0,2,0,0,2,0,0,2,0,0,-1,-1,0,0,-1,-1,0,0,-1,-1,0,0,-1,6,0,0,0,0,0,0,6,0,15,14,12,10,8,120,129600,0,0,0,0,-1,0,0,0,0,0,0,1,0,0,0,-1,0,0,0,0,0,1,-1,It's wild and untamed.,-1,-1,-1,36700192,"no lvlup, no valuable effect, no around effect, special facility"
191,Chaos Stone,99,10,6,0,0,0,0,5,8,6,0,0,0,0,35,48,2,1,1,-1,0,-1,0,,,,-1,480,5,500,0,0,0,0,0,0,0,1,3,0,0,0,13,2,0,0,2,0,0,2,0,0,2,0,0,2,0,0,2,0,0,2,0,0,2,0,0,2,0,0,2,0,0,2,0,0,2,0,0,2,0,0,-1,-1,0,0,-1,-1,0,0,-1,-1,0,0,-1,6,0,0,0,0,0,0,6,0,15,14,12,10,8,120,129600,20,20,0,0,-1,0,0,0,0,0,0,1,0,0,0,109,1,0,0,0,0,1,-1,Place outside town to attract monsters at night.,515,-1,-1,36700256,"no lvlup, belong, no valuable effect, no around effect, special facility"
192,Monster Feed,61,10,6,0,3,0,2,0,0,6,0,30,0,16,0,0,2,1,1,-1,0,-1,0,,,,-1,720,5,500,0,0,0,0,0,0,0,1,3,0,0,0,13,2,0,0,2,0,0,2,0,0,2,0,0,2,0,0,2,0,0,2,0,0,2,0,0,2,0,0,2,0,0,2,0,0,2,0,0,2,0,0,-1,-1,0,0,-1,-1,0,0,-1,-1,0,0,7,6,0,0,0,0,0,0,6,0,15,14,12,10,8,120,129600,0,0,0,0,-1,0,0,0,0,0,0,1,0,5,99,128,1,0,0,0,800,1,-1,Lures away attacking monsters.,494,-1,-1,1048608,"no lvlup, no valuable effect"
193,Restaurant Shelves,31,10,6,0,1,4,0,0,0,6,0,10,36,0,0,0,2,1,1,-1,0,-1,0,,,,-1,240,5,50,0,0,0,0,0,0,0,1,3,0,0,0,13,2,0,0,2,0,0,2,0,0,2,0,0,2,0,0,2,0,0,2,0,0,2,0,0,2,0,0,2,0,0,2,0,0,2,0,0,2,0,0,-1,-1,0,0,-1,-1,0,0,-1,-1,0,0,-1,6,0,0,0,0,0,0,6,0,15,14,12,10,8,120,129600,0,0,0,0,-1,0,0,0,0,0,0,1,0,0,0,-1,0,0,0,0,0,1,-1,Displays goods for visitors and allies.,490,-1,-1,3145761,"infinite stock, no lvlup, no valuable effect, no around effect"
194,Storehouse (Eggs),17,10,6,0,2,0,0,0,0,6,0,20,0,0,0,0,2,1,1,10,0,-1,0,,,,50,1440,15,500,0,0,0,0,0,0,0,1,3,0,0,0,13,2,0,0,2,0,0,2,0,0,2,0,0,2,0,0,2,0,0,2,0,0,2,0,0,2,0,0,2,0,0,2,0,0,2,0,0,2,0,0,-1,-1,0,0,-1,-1,0,0,-1,-1,0,0,5,6,0,2,0,0,0,0,6,0,85,14,12,10,8,120,129600,0,0,0,0,-1,0,0,0,0,0,0,1,0,0,0,-1,0,0,0,0,80,1,-1,A place to store eggs.,495,-1,-1,0,
195,Cabin,92,10,6,0,1,0,0,0,0,6,0,1,0,0,0,0,2,1,1,-1,0,-1,0,,,,-1,480,5,500,0,0,0,0,0,0,0,1,3,0,0,0,13,2,0,0,2,0,0,2,0,0,2,0,0,2,0,0,2,0,0,2,0,0,2,0,0,2,0,0,2,0,0,2,0,0,2,0,0,2,0,0,-1,-1,0,0,-1,-1,0,0,-1,-1,0,0,-1,6,0,0,0,0,0,0,6,0,15,14,12,10,8,120,129600,0,0,0,0,-1,0,0,0,0,0,0,1,0,0,0,-1,0,0,0,0,0,1,-1,Sometimes produces gifts.,496,-1,-1,36700192,"no lvlup, no valuable effect, no around effect, special facility"
196,Legendary Cave,91,10,6,0,1,0,0,0,0,6,0,1,0,0,0,0,2,1,1,-1,0,-1,0,,,,-1,480,5,500,0,0,0,0,0,0,0,1,3,0,0,0,13,2,0,0,2,0,0,2,0,0,2,0,0,2,0,0,2,0,0,2,0,0,2,0,0,2,0,0,2,0,0,2,0,0,2,0,0,2,0,0,-1,-1,0,0,-1,-1,0,0,-1,-1,0,0,-1,6,0,0,0,0,0,0,6,0,15,14,12,10,8,120,129600,0,0,0,0,-1,0,0,0,0,0,0,1,0,0,0,-1,0,0,0,0,0,1,-1,Home to powerful monsters.,512,-1,-1,36700192,"no lvlup, no valuable effect, no around effect, special facility"
197,Scorched Earth,66,10,6,0,1,0,0,0,0,6,0,1,0,0,0,0,2,1,1,-1,0,-1,0,,,,-1,480,5,500,0,0,0,0,0,0,0,1,3,0,0,0,13,2,0,0,2,0,0,2,0,0,2,0,0,2,0,0,2,0,0,2,0,0,2,0,0,2,0,0,2,0,0,2,0,0,2,0,0,2,0,0,-1,-1,0,0,-1,-1,0,0,-1,-1,0,0,-1,6,0,0,0,0,0,0,6,0,15,14,12,10,8,120,129600,0,0,0,0,-1,0,0,0,0,0,0,1,0,0,0,-1,0,0,0,0,0,1,-1,It's wild and untamed.,-1,-1,-1,36700192,"no lvlup, no valuable effect, no around effect, special facility"
198,Movers,95,10,6,0,1,0,0,0,0,6,0,1,0,0,0,0,2,1,1,-1,0,-1,0,,,,-1,480,5,500,0,0,0,0,0,0,0,1,3,0,0,0,13,2,0,0,2,0,0,2,0,0,2,0,0,2,0,0,2,0,0,2,0,0,2,0,0,2,0,0,2,0,0,2,0,0,2,0,0,2,0,0,-1,-1,0,0,-1,-1,0,0,-1,-1,0,0,-1,6,0,0,0,0,0,0,6,0,15,14,12,10,8,120,129600,0,0,0,0,-1,0,0,0,0,0,0,1,0,0,0,-1,0,0,0,0,0,1,-1,Used for moving stuff from town to town.,500,-1,-1,36700192,"no lvlup, no valuable effect, no around effect, special facility"
199,Scorched Earth,90,10,6,0,1,0,0,0,0,6,0,1,0,0,0,0,2,1,1,-1,0,-1,0,,,,-1,480,5,500,0,0,0,0,0,0,0,1,3,0,0,0,13,2,0,0,2,0,0,2,0,0,2,0,0,2,0,0,2,0,0,2,0,0,2,0,0,2,0,0,2,0,0,2,0,0,2,0,0,2,0,0,-1,-1,0,0,-1,-1,0,0,-1,-1,0,0,-1,6,0,0,0,0,0,0,6,0,15,14,12,10,8,120,129600,0,0,0,0,-1,0,0,0,0,0,0,1,0,0,0,-1,0,0,0,0,0,1,-1,It's wild and untamed.,-1,-1,-1,36700192,"no lvlup, no valuable effect, no around effect, special facility"
200,Equipment Exchange,96,10,6,0,1,0,0,0,0,6,0,1,0,0,0,0,2,1,1,-1,0,-1,0,,,,-1,480,5,500,0,0,0,0,0,0,0,1,3,0,0,0,13,2,0,0,2,0,0,2,0,0,2,0,0,2,0,0,2,0,0,2,0,0,2,0,0,2,0,0,2,0,0,2,0,0,2,0,0,2,0,0,-1,-1,0,0,-1,-1,0,0,-1,-1,0,0,-1,6,0,0,0,0,0,0,6,0,15,14,12,10,8,120,129600,0,0,0,0,-1,0,0,0,0,0,0,1,0,0,0,-1,0,0,0,0,0,1,-1,A place to trade equipment.,513,-1,-1,36700192,"no lvlup, no valuable effect, no around effect, special facility"
201,Trading Post,97,10,6,0,1,0,0,0,0,6,0,1,0,0,0,0,2,1,1,-1,0,-1,0,,,,-1,480,5,500,0,0,0,0,0,0,0,1,3,0,0,0,13,2,0,0,2,0,0,2,0,0,2,0,0,2,0,0,2,0,0,2,0,0,2,0,0,2,0,0,2,0,0,2,0,0,2,0,0,2,0,0,-1,-1,0,0,-1,-1,0,0,-1,-1,0,0,-1,6,0,0,0,0,0,0,6,0,15,14,12,10,8,120,129600,0,0,0,0,-1,0,0,0,0,0,0,1,0,0,0,-1,0,0,0,0,0,1,-1,Offers all kinds of things for sale.,514,-1,-1,36700192,"no lvlup, no valuable effect, no around effect, special facility"
202,Date Spot,107,10,6,0,1,0,0,0,0,6,0,1,0,0,0,0,2,1,1,-1,0,-1,0,,,,-1,480,5,500,0,0,0,0,0,0,0,1,3,0,0,0,13,2,0,0,2,0,0,2,0,0,2,0,0,2,0,0,2,0,0,2,0,0,2,0,0,2,0,0,2,0,0,2,0,0,2,0,0,2,0,0,-1,-1,0,0,-1,-1,0,0,-1,-1,0,0,-1,6,0,0,0,0,0,0,6,0,15,14,12,10,8,120,129600,0,0,0,0,-1,0,0,0,0,0,0,1,0,0,0,-1,0,0,0,0,0,1,-1,A place to go on dates and increase affection.,574,-1,-1,36700192,"no lvlup, no valuable effect, no around effect, special facility"
203,Scorched Earth,66,10,6,0,1,0,0,0,0,6,0,1,0,0,0,0,2,1,1,-1,0,-1,0,,,,-1,480,5,500,0,0,0,0,0,0,0,1,3,0,0,0,13,2,0,0,2,0,0,2,0,0,2,0,0,2,0,0,2,0,0,2,0,0,2,0,0,2,0,0,2,0,0,2,0,0,2,0,0,2,0,0,-1,-1,0,0,-1,-1,0,0,-1,-1,0,0,-1,6,0,0,0,0,0,0,6,0,15,14,12,10,8,120,129600,0,0,0,0,-1,0,0,0,0,0,0,1,0,0,0,-1,0,0,0,0,0,1,-1,It's wild and untamed.,-1,-1,-1,36700192,"no lvlup, no valuable effect, no around effect, special facility"
204,Scorched Earth,66,10,6,0,1,0,0,0,0,6,0,1,0,0,0,0,2,1,1,-1,0,-1,0,,,,-1,480,5,500,0,0,0,0,0,0,0,1,3,0,0,0,13,2,0,0,2,0,0,2,0,0,2,0,0,2,0,0,2,0,0,2,0,0,2,0,0,2,0,0,2,0,0,2,0,0,2,0,0,2,0,0,-1,-1,0,0,-1,-1,0,0,-1,-1,0,0,-1,6,0,0,0,0,0,0,6,0,15,14,12,10,8,120,129600,0,0,0,0,-1,0,0,0,0,0,0,1,0,0,0,-1,0,0,0,0,0,1,-1,It's wild and untamed.,-1,-1,-1,36700192,"no lvlup, no valuable effect, no around effect, special facility"
205,Scorched Earth,66,10,6,0,1,0,0,0,0,6,0,1,0,0,0,0,2,1,1,-1,0,-1,0,,,,-1,480,5,500,0,0,0,0,0,0,0,1,3,0,0,0,13,2,0,0,2,0,0,2,0,0,2,0,0,2,0,0,2,0,0,2,0,0,2,0,0,2,0,0,2,0,0,2,0,0,2,0,0,2,0,0,-1,-1,0,0,-1,-1,0,0,-1,-1,0,0,-1,6,0,0,0,0,0,0,6,0,15,14,12,10,8,120,129600,0,0,0,0,-1,0,0,0,0,0,0,1,0,0,0,-1,0,0,0,0,0,1,-1,It's wild and untamed.,-1,-1,-1,36700192,"no lvlup, no valuable effect, no around effect, special facility"
206,High Grade Storehouse (Grass),17,10,6,0,2,2,0,0,0,6,0,20,18,0,0,0,2,1,1,11,0,-1,0,,,,-1,1440,15,515,0,0,0,0,0,0,0,1,3,0,0,0,13,2,0,0,2,0,0,2,0,0,2,0,0,2,0,0,2,0,0,2,0,0,2,0,0,2,0,0,2,0,0,2,0,0,2,0,0,2,0,0,-1,-1,0,0,-1,-1,0,0,-1,-1,0,0,5,6,0,2,2,0,0,0,6,0,85,80,12,10,8,120,129600,0,0,0,0,-1,0,0,0,0,0,0,1,0,0,0,-1,0,0,0,0,200,1,-1,Used to store <pic=grass> in town.,-1,-1,-1,0,
207,High Grade Storehouse (Wood),17,10,6,0,0,2,2,0,0,6,0,0,18,16,0,0,2,1,1,12,0,-1,0,,,,-1,1440,15,515,0,0,0,0,0,0,0,1,3,0,0,0,13,2,0,0,2,0,0,2,0,0,2,0,0,2,0,0,2,0,0,2,0,0,2,0,0,2,0,0,2,0,0,2,0,0,2,0,0,2,0,0,-1,-1,0,0,-1,-1,0,0,-1,-1,0,0,5,6,0,0,2,2,0,0,6,0,15,80,70,10,8,120,129600,0,0,0,0,-1,0,0,0,0,0,0,1,0,0,0,-1,0,0,0,0,180,1,-1,Used to store <pic=wood> in town.,-1,-1,-1,0,
208,High Grade Storehouse (Food),17,10,6,0,0,0,2,2,0,6,0,0,0,16,14,0,2,1,1,13,0,-1,0,,,,-1,1440,15,515,0,0,0,0,0,0,0,1,3,0,0,0,13,2,0,0,2,0,0,2,0,0,2,0,0,2,0,0,2,0,0,2,0,0,2,0,0,2,0,0,2,0,0,2,0,0,2,0,0,2,0,0,-1,-1,0,0,-1,-1,0,0,-1,-1,0,0,5,6,0,0,0,2,2,0,6,0,15,14,70,65,8,120,129600,0,0,0,0,-1,0,0,0,0,0,0,1,0,0,0,-1,0,0,0,0,160,1,-1,Used to store <pic=food> in town.,-1,-1,-1,0,
209,High Grade Storehouse (Ore),17,10,6,0,0,0,0,2,2,6,0,0,0,0,14,12,2,1,1,14,0,-1,0,,,,-1,1440,15,515,0,0,0,0,0,0,0,1,3,0,0,0,13,2,0,0,2,0,0,2,0,0,2,0,0,2,0,0,2,0,0,2,0,0,2,0,0,2,0,0,2,0,0,2,0,0,2,0,0,2,0,0,-1,-1,0,0,-1,-1,0,0,-1,-1,0,0,5,6,0,0,0,0,2,2,6,0,15,14,12,65,55,120,129600,0,0,0,0,-1,0,0,0,0,0,0,1,0,0,0,-1,0,0,0,0,140,1,-1,Used to store <pic=iron> in town.,-1,-1,-1,0,
210,High Grade Storehouse (Mystic Ore),17,10,6,0,0,0,0,0,2,6,0,0,0,0,0,12,2,1,1,15,0,-1,0,,,,-1,1440,15,515,0,0,0,0,0,0,0,1,3,0,0,0,13,2,0,0,2,0,0,2,0,0,2,0,0,2,0,0,2,0,0,2,0,0,2,0,0,2,0,0,2,0,0,2,0,0,2,0,0,2,0,0,-1,-1,0,0,-1,-1,0,0,-1,-1,0,0,5,6,0,0,0,0,0,2,6,0,15,14,12,10,55,120,129600,0,0,0,0,-1,0,0,0,0,0,0,1,0,0,0,-1,0,0,0,0,120,1,-1,Used to store <pic=magic> in town.,-1,-1,-1,0,
211,High Grade Storehouse (Energy),17,10,6,0,0,0,3,0,0,6,0,0,0,24,0,0,2,1,1,16,0,-1,0,,,,-1,1440,15,515,0,0,0,0,0,0,0,1,3,0,0,0,13,2,0,0,2,0,0,2,0,0,2,0,0,2,0,0,2,0,0,2,0,0,2,0,0,2,0,0,2,0,0,2,0,0,2,0,0,2,0,0,-1,-1,0,0,-1,-1,0,0,-1,-1,0,0,5,6,0,0,0,3,0,0,6,0,15,14,75,10,8,120,129600,0,0,0,0,-1,0,0,0,0,0,0,1,0,0,0,-1,0,0,0,0,100,1,-1,Used to store Energy in town.,-1,-1,-1,0,
212,High Grade Storehouse (Treasure),17,10,6,0,0,0,0,2,2,6,0,0,0,0,14,12,2,1,1,17,0,-1,0,,,,-1,1440,15,515,0,0,0,0,0,0,0,1,3,0,0,0,13,2,0,0,2,0,0,2,0,0,2,0,0,2,0,0,2,0,0,2,0,0,2,0,0,2,0,0,2,0,0,2,0,0,2,0,0,2,0,0,-1,-1,0,0,-1,-1,0,0,-1,-1,0,0,5,6,0,0,0,0,2,2,6,0,15,14,12,65,55,120,129600,0,0,0,0,-1,0,0,0,0,0,0,1,0,0,0,-1,0,0,0,0,80,1,-1,Used to store Treasure in town.,-1,-1,-1,0,
213,High Grade Storehouse (Item),17,10,6,0,3,0,0,3,0,6,0,30,0,0,21,0,2,1,1,18,0,-1,0,,,,-1,1440,15,515,0,0,0,0,0,0,0,1,3,0,0,0,13,2,0,0,2,0,0,2,0,0,2,0,0,2,0,0,2,0,0,2,0,0,2,0,0,2,0,0,2,0,0,2,0,0,2,0,0,2,0,0,-1,-1,0,0,-1,-1,0,0,-1,-1,0,0,5,6,0,3,0,0,3,0,6,0,90,14,12,70,8,120,129600,0,0,0,0,-1,0,0,0,0,0,0,1,0,0,0,-1,0,0,0,0,60,1,-1,Used to store Items in town.,-1,-1,-1,0,
214,High Grade Storehouse (Eggs),17,10,6,0,2,0,2,0,0,6,0,20,0,16,0,0,2,1,1,19,0,-1,0,,,,-1,1440,15,515,0,0,0,0,0,0,0,1,3,0,0,0,13,2,0,0,2,0,0,2,0,0,2,0,0,2,0,0,2,0,0,2,0,0,2,0,0,2,0,0,2,0,0,2,0,0,2,0,0,2,0,0,-1,-1,0,0,-1,-1,0,0,-1,-1,0,0,5,6,0,2,0,2,0,0,6,0,85,14,70,10,8,120,129600,0,0,0,0,-1,0,0,0,0,0,0,1,0,0,0,-1,0,0,0,0,80,1,-1,A place to store eggs.,-1,-1,-1,0,
215,Reclaimed Land,98,10,6,0,0,0,0,0,0,6,0,0,0,0,0,0,2,1,1,-1,0,-1,0,,,,-1,0,0,0,0,0,0,0,0,0,0,1,3,0,0,0,13,2,0,0,2,0,0,2,0,0,2,0,0,2,0,0,2,0,0,2,0,0,2,0,0,2,0,0,2,0,0,2,0,0,2,0,0,2,0,0,-1,-1,0,0,-1,-1,0,0,-1,-1,0,0,-1,6,0,0,0,0,0,0,6,0,0,0,0,0,0,120,129600,0,0,0,0,-1,0,0,0,0,0,0,1,0,0,0,-1,0,0,0,0,0,1,-1,Builds bridges across water.,-1,-1,-1,160,"no lvlup, no facility component"
216,Floor,3,10,6,0,0,0,0,0,0,6,0,0,0,0,0,0,2,1,1,-1,0,-1,0,,,,52,720,0,0,0,0,0,0,0,0,0,1,3,0,0,0,13,2,0,0,2,0,0,2,0,0,2,0,0,2,0,0,2,0,0,2,0,0,2,0,0,2,0,0,2,0,0,2,0,0,2,0,0,2,0,0,-1,-1,0,0,-1,-1,0,0,-1,-1,0,0,-1,6,0,0,0,0,0,0,6,0,15,14,12,10,8,120,129600,0,0,0,0,-1,0,0,0,0,0,0,1,0,0,0,-1,0,0,0,0,0,1,-1,未使用,-1,-1,-1,3145760,"no lvlup, no valuable effect, no around effect"
217,Floor,3,10,6,0,0,0,0,0,0,6,0,0,0,0,0,0,2,1,1,-1,0,-1,0,,,,53,720,0,0,0,0,0,0,0,0,0,1,3,0,0,0,13,2,0,0,2,0,0,2,0,0,2,0,0,2,0,0,2,0,0,2,0,0,2,0,0,2,0,0,2,0,0,2,0,0,2,0,0,2,0,0,-1,-1,0,0,-1,-1,0,0,-1,-1,0,0,-1,6,0,0,0,0,0,0,6,0,15,14,12,10,8,120,129600,0,0,0,0,-1,0,0,0,0,0,0,1,0,0,0,-1,0,0,0,0,0,1,-1,未使用,-1,-1,-1,3145760,"no lvlup, no valuable effect, no around effect"
218,Floor,3,10,6,0,0,0,0,0,0,6,0,0,0,0,0,0,2,1,1,-1,0,-1,0,,,,54,720,0,0,0,0,0,0,0,0,0,1,3,0,0,0,13,2,0,0,2,0,0,2,0,0,2,0,0,2,0,0,2,0,0,2,0,0,2,0,0,2,0,0,2,0,0,2,0,0,2,0,0,2,0,0,-1,-1,0,0,-1,-1,0,0,-1,-1,0,0,-1,6,0,0,0,0,0,0,6,0,15,14,12,10,8,120,129600,0,0,0,0,-1,0,0,0,0,0,0,1,0,0,0,-1,0,0,0,0,0,1,-1,未使用,-1,-1,-1,3145760,"no lvlup, no valuable effect, no around effect"
219,Floor,3,10,6,0,0,0,0,0,0,6,0,0,0,0,0,0,2,1,1,-1,0,-1,0,,,,55,720,0,0,0,0,0,0,0,0,0,1,3,0,0,0,13,2,0,0,2,0,0,2,0,0,2,0,0,2,0,0,2,0,0,2,0,0,2,0,0,2,0,0,2,0,0,2,0,0,2,0,0,2,0,0,-1,-1,0,0,-1,-1,0,0,-1,-1,0,0,-1,6,0,0,0,0,0,0,6,0,15,14,12,10,8,120,129600,0,0,0,0,-1,0,0,0,0,0,0,1,0,0,0,-1,0,0,0,0,0,1,-1,未使用,-1,-1,-1,3145760,"no lvlup, no valuable effect, no around effect"
220,Floor,3,10,6,0,0,0,0,0,0,6,0,0,0,0,0,0,2,1,1,-1,0,-1,0,,,,56,720,0,0,0,0,0,0,0,0,0,1,3,0,0,0,13,2,0,0,2,0,0,2,0,0,2,0,0,2,0,0,2,0,0,2,0,0,2,0,0,2,0,0,2,0,0,2,0,0,2,0,0,2,0,0,-1,-1,0,0,-1,-1,0,0,-1,-1,0,0,-1,6,0,0,0,0,0,0,6,0,15,14,12,10,8,120,129600,0,0,0,0,-1,0,0,0,0,0,0,1,0,0,0,-1,0,0,0,0,0,1,-1,未使用,-1,-1,-1,3145760,"no lvlup, no valuable effect, no around effect"
221,Floor,3,10,6,0,0,0,0,0,0,6,0,0,0,0,0,0,2,1,1,-1,0,-1,0,,,,57,720,0,0,0,0,0,0,0,0,0,1,3,0,0,0,13,2,0,0,2,0,0,2,0,0,2,0,0,2,0,0,2,0,0,2,0,0,2,0,0,2,0,0,2,0,0,2,0,0,2,0,0,2,0,0,-1,-1,0,0,-1,-1,0,0,-1,-1,0,0,-1,6,0,0,0,0,0,0,6,0,15,14,12,10,8,120,129600,0,0,0,0,-1,0,0,0,0,0,0,1,0,0,0,-1,0,0,0,0,0,1,-1,未使用,-1,-1,-1,3145760,"no lvlup, no valuable effect, no around effect"
222,Floor,3,10,6,0,0,0,0,0,0,6,0,0,0,0,0,0,2,1,1,-1,0,-1,0,,,,58,720,0,0,0,0,0,0,0,0,0,1,3,0,0,0,13,2,0,0,2,0,0,2,0,0,2,0,0,2,0,0,2,0,0,2,0,0,2,0,0,2,0,0,2,0,0,2,0,0,2,0,0,2,0,0,-1,-1,0,0,-1,-1,0,0,-1,-1,0,0,-1,6,0,0,0,0,0,0,6,0,15,14,12,10,8,120,129600,0,0,0,0,-1,0,0,0,0,0,0,1,0,0,0,-1,0,0,0,0,0,1,-1,未使用,-1,-1,-1,3145760,"no lvlup, no valuable effect, no around effect"
223,Fruit Tree,4,10,6,0,0,5,0,3,0,6,0,0,45,0,21,0,2,1,1,-1,0,-1,0,,,,-1,240,0,0,0,0,50,23,0,0,-18,1,3,0,0,5,13,2,0,0,2,0,0,2,0,0,2,0,0,2,0,0,2,0,0,2,0,0,2,0,0,2,10,8,2,15,8,2,15,8,2,0,0,2,0,0,0,20,5,25,-1,-1,0,0,-1,-1,0,0,8,6,0,0,0,0,0,0,6,0,15,14,12,10,8,120,129600,0,0,0,0,-1,0,0,0,0,2,2,1,0,0,0,78,1,0,0,0,0,5,70,Sometimes produces items.,-1,-1,-1,143654948,"use, no lvlup, no valuable effect, user flip front and back, extra recovery facility"
224,Art Workbench,56,10,6,0,0,3,0,3,0,6,0,0,27,0,21,0,2,1,1,-1,0,-1,0,,,,-1,240,0,0,0,0,0,28,-2,0,-6,1,3,0,0,0,13,2,0,0,2,0,0,2,0,0,2,0,0,2,0,0,2,0,0,2,0,0,2,0,0,2,0,0,2,0,0,2,0,0,2,0,0,2,0,0,-1,-1,0,0,-1,-1,0,0,-1,-1,0,0,9,6,0,0,3,0,3,0,6,0,15,85,12,70,8,120,129600,0,0,0,0,-1,0,0,0,0,0,0,1,0,0,0,82,1,0,0,0,0,1,-1,A place to create works of art.,-1,-1,-1,11534336,"no valuable effect, no around effect, user flip front and back"
225,Survey Room,56,10,6,0,0,5,0,3,0,6,0,0,45,0,21,0,2,1,1,-1,0,-1,0,,,,-1,240,0,0,0,0,0,0,-3,-4,-5,1,3,0,0,0,13,2,0,0,2,0,0,2,0,0,2,0,0,2,0,0,2,0,0,2,0,0,2,0,0,2,0,0,2,0,0,2,0,0,2,0,0,2,0,0,-1,-1,0,0,-1,-1,0,0,-1,-1,0,0,9,6,0,0,0,0,0,0,6,0,15,14,12,10,8,120,129600,0,0,0,0,-1,0,0,0,0,0,0,1,0,0,0,80,1,0,0,0,0,1,-1,A place to plan surveys.,-1,-1,-1,271581216,"no lvlup, no valuable effect, no around effect, surveyable"
226,Bug Gathering Spot,102,10,6,0,0,40,35,0,0,6,0,0,360,280,0,0,2,1,1,-1,0,-1,0,,,,-1,480,5,500,0,14,0,4,0,0,9,1,3,0,0,0,13,2,0,0,2,0,0,2,0,0,2,0,0,2,0,0,2,0,0,2,0,0,2,0,0,2,0,0,2,0,0,2,0,0,2,0,0,2,0,0,0,20,5,25,-1,-1,0,0,-1,-1,0,0,-1,6,0,0,0,0,0,0,6,0,15,14,12,10,8,120,129600,0,0,0,0,-1,0,0,0,0,0,0,1,0,0,0,-1,0,0,0,0,50,2,-1,A place to raise bugs.,572,-1,-1,96,"no lvlup, belong"
227,Scorched Earth,103,10,6,0,0,5,3,0,0,6,0,0,45,24,0,0,2,1,1,-1,0,-1,0,,,,-1,480,5,500,0,14,0,4,0,0,0,1,3,0,0,0,13,2,0,0,2,0,0,2,0,0,2,0,0,2,0,0,2,0,0,2,0,0,2,0,0,2,0,0,2,0,0,2,0,0,2,0,0,2,0,0,-1,-1,0,0,-1,-1,0,0,-1,-1,0,0,-1,6,0,0,0,0,0,0,6,0,15,14,12,10,8,120,129600,0,0,0,0,-1,0,0,0,0,0,0,1,0,0,0,-1,0,0,0,0,0,1,-1,It's wild and untamed.,-1,-1,-1,3145824,"no lvlup, belong, no valuable effect, no around effect"
228,Scorched Earth,38,10,6,0,0,5,3,0,0,6,0,0,45,24,0,0,2,1,1,-1,0,-1,0,,,,-1,480,5,500,0,0,0,0,0,0,0,1,3,0,0,0,13,2,0,0,2,0,0,2,0,0,2,0,0,2,0,0,2,0,0,2,0,0,2,0,0,2,0,0,2,0,0,2,0,0,2,0,0,2,0,0,-1,-1,0,0,-1,-1,0,0,-1,-1,0,0,-1,6,0,0,0,0,0,0,6,0,15,14,12,10,8,120,129600,0,0,0,0,-1,0,0,0,0,0,0,1,0,0,0,-1,0,0,0,0,0,1,-1,It's wild and untamed.,-1,-1,-1,3145760,"no lvlup, no valuable effect, no around effect"
229,Fruit Tree,4,10,6,0,2,4,0,0,0,6,0,20,36,0,0,0,2,1,1,-1,0,-1,0,,,,-1,240,0,0,0,0,30,23,-2,0,9,1,3,0,0,3,13,2,0,0,2,0,0,2,0,0,2,0,0,2,0,0,2,0,0,2,0,0,2,0,0,2,5,6,2,5,6,2,5,6,2,0,0,2,0,0,0,20,5,25,-1,-1,0,0,-1,-1,0,0,8,6,0,0,0,0,0,0,6,0,15,14,12,10,8,120,129600,0,0,0,0,-1,0,0,0,0,2,2,1,0,0,0,78,1,0,0,0,0,5,70,Sometimes produces items.,-1,-1,-1,135266340,"use, no lvlup, no valuable effect, extra recovery facility"
230,Animal Cage,104,10,6,0,0,8,8,0,0,6,0,0,72,64,0,0,2,1,1,-1,0,-1,0,,,,-1,240,3,50,0,0,0,0,0,0,11,1,3,0,0,0,13,2,0,0,2,0,0,2,0,0,2,0,0,2,0,0,2,0,0,2,0,0,2,0,0,2,0,0,2,0,0,2,0,0,2,0,0,2,0,0,-1,-1,0,0,-1,-1,0,0,-1,-1,0,0,-1,6,0,0,0,0,0,0,6,0,15,14,12,10,8,120,129600,0,0,0,0,-1,0,0,0,0,0,0,1,0,0,0,-1,0,0,0,0,0,1,-1,A place to attract visitors by air.,-1,-1,-1,3145761,"infinite stock, no lvlup, no valuable effect, no around effect"
231,Art House,104,10,6,0,0,0,0,6,8,6,0,0,0,0,42,48,2,1,1,-1,0,-1,0,,,,-1,240,3,50,0,0,0,0,0,0,11,1,3,0,0,0,13,2,0,0,2,0,0,2,0,0,2,0,0,2,0,0,2,0,0,2,0,0,2,0,0,2,0,0,2,0,0,2,0,0,2,0,0,2,0,0,-1,-1,0,0,-1,-1,0,0,-1,-1,0,0,-1,6,0,0,0,0,0,0,6,0,15,14,12,10,8,120,129600,0,0,0,0,-1,0,0,0,0,0,0,1,0,0,0,-1,0,0,0,0,0,1,-1,A place to attract visitors by air.,-1,-1,-1,3145761,"infinite stock, no lvlup, no valuable effect, no around effect"
232,Water Tank,104,10,6,0,0,0,3,10,0,6,0,0,0,24,70,0,2,1,1,-1,0,-1,0,,,,-1,240,3,50,0,0,0,0,0,0,11,1,3,0,0,0,13,2,0,0,2,0,0,2,0,0,2,0,0,2,0,0,2,0,0,2,0,0,2,0,0,2,0,0,2,0,0,2,0,0,2,0,0,2,0,0,-1,-1,0,0,-1,-1,0,0,-1,-1,0,0,-1,6,0,0,0,0,0,0,6,0,15,14,12,10,8,120,129600,0,0,0,0,-1,0,0,0,0,0,0,1,0,0,0,-1,0,0,0,0,0,1,-1,A place to attract visitors by air.,-1,-1,-1,3145761,"infinite stock, no lvlup, no valuable effect, no around effect"
233,Bug Case,104,10,6,0,10,10,0,0,0,6,0,100,90,0,0,0,2,1,1,-1,0,-1,0,,,,-1,240,3,50,0,0,0,0,0,0,11,1,3,0,0,0,13,2,0,0,2,0,0,2,0,0,2,0,0,2,0,0,2,0,0,2,0,0,2,0,0,2,0,0,2,0,0,2,0,0,2,0,0,2,0,0,-1,-1,0,0,-1,-1,0,0,-1,-1,0,0,-1,6,0,0,0,0,0,0,6,0,15,14,12,10,8,120,129600,0,0,0,0,-1,0,0,0,0,0,0,1,0,0,0,-1,0,0,0,0,0,1,-1,A place to attract visitors by air.,-1,-1,-1,3145761,"infinite stock, no lvlup, no valuable effect, no around effect"
234,Cash Register,55,10,6,0,1,2,0,0,0,6,0,10,18,0,0,0,2,1,1,-1,0,-1,0,,,,-1,240,0,0,0,0,0,0,0,0,0,1,3,0,0,0,13,2,0,0,2,0,0,2,0,0,2,0,0,2,0,0,2,0,0,2,0,0,2,0,0,2,0,0,2,0,0,2,0,0,2,0,0,2,0,0,-1,-1,0,0,-1,-1,0,0,-1,-1,0,0,-1,6,0,0,0,0,0,0,6,0,15,14,12,10,8,120,129600,0,0,0,0,-1,0,0,0,0,0,0,1,-1,0,0,-1,0,0,0,0,0,1,-1,Switch it out with the Register.,530,-1,-1,1613758496,"no lvlup, no valuable effect, no around effect, auto service, evolution only"
235,Floor,3,10,6,0,0,0,0,0,0,6,0,0,0,0,0,0,2,1,1,-1,0,-1,0,,,,66,720,0,0,0,0,0,0,0,0,0,1,3,0,0,0,13,2,0,0,2,0,0,2,0,0,2,0,0,2,0,0,2,0,0,2,0,0,2,0,0,2,0,0,2,0,0,2,0,0,2,0,0,2,0,0,-1,-1,0,0,-1,-1,0,0,-1,-1,0,0,-1,6,0,0,0,0,0,0,6,0,15,14,12,10,8,120,129600,0,0,0,0,-1,0,0,0,0,0,0,1,0,0,0,-1,0,0,0,0,0,1,-1,未使用,-1,-1,-1,3145760,"no lvlup, no valuable effect, no around effect"
236,Santa Room,4,10,6,0,0,5,0,0,1,6,0,0,45,0,0,6,2,1,1,-1,0,-1,0,,,,-1,240,0,0,0,0,150,23,0,0,-18,1,3,0,0,15,13,2,10,6,2,5,6,2,0,0,2,0,0,2,0,0,2,5,6,2,5,6,2,0,0,2,10,6,2,15,6,2,10,6,2,0,0,2,5,6,0,22,5,25,-1,-1,0,0,-1,-1,0,0,8,6,0,0,0,0,0,0,6,0,15,14,12,10,8,120,129600,0,0,0,0,-1,0,0,0,0,2,2,1,0,0,0,80,1,0,0,0,0,5,5,Sometimes produces items.,-1,-1,-1,143654948,"use, no lvlup, no valuable effect, user flip front and back, extra recovery facility"
237,Decorative Sled,4,10,6,0,0,5,0,0,1,6,0,0,45,0,0,6,2,1,1,-1,0,-1,0,,,,-1,240,0,0,0,0,100,23,-2,0,9,1,3,0,0,10,13,2,5,6,2,5,6,2,0,0,2,0,0,2,0,0,2,5,6,2,5,6,2,0,0,2,5,6,2,5,6,2,5,6,2,0,0,2,5,6,0,22,5,25,-1,-1,0,0,-1,-1,0,0,8,6,0,0,0,0,0,0,6,0,15,14,12,10,8,120,129600,0,0,0,0,-1,0,0,0,0,2,2,1,0,0,0,80,1,0,0,0,0,5,5,Sometimes produces items.,-1,-1,-1,135266340,"use, no lvlup, no valuable effect, extra recovery facility"
238,Reindeer Stable,45,10,6,0,0,0,10,0,10,6,0,0,0,80,0,60,2,1,1,-1,0,-1,0,,,,-1,720,5,500,0,0,0,0,0,0,0,1,3,0,0,0,13,2,0,0,2,0,0,2,0,0,2,0,0,2,0,0,2,0,0,2,0,0,2,0,0,2,0,0,2,0,0,2,0,0,2,0,0,2,0,0,0,21,5,25,-1,-1,0,0,-1,-1,0,0,-1,6,0,0,0,0,0,0,6,0,15,14,12,10,8,120,129600,0,0,0,0,-1,0,0,0,0,0,0,1,0,0,0,-1,0,0,0,0,0,1,-1,A place to keep reindeer.,-1,-1,1,3145760,"no lvlup, no valuable effect, no around effect"
239,Airport,100,10,6,0,0,0,0,50,50,6,0,0,0,0,50,50,2,1,1,-1,0,-1,0,,,,-1,480,5,500,0,0,0,0,0,0,0,1,3,0,0,0,13,2,0,0,2,0,0,2,0,0,2,0,0,2,0,0,2,0,0,2,0,0,2,0,0,2,0,0,2,0,0,2,0,0,2,0,0,2,0,0,-1,-1,0,0,-1,-1,0,0,-1,-1,0,0,2,6,0,5,25,25,35,50,6,0,100,195,185,230,295,120,129600,0,0,0,0,5,50,250,0,0,30,600,1,0,0,0,-1,0,0,0,0,0,1,-1,A place for flying ships to dock.,541,-1,-1,36700224,"belong, no valuable effect, no around effect, special facility"
240,Resource Center,101,10,6,0,50,50,0,0,0,6,0,50,50,0,0,0,2,1,1,-1,0,-1,0,,,,-1,480,5,500,0,0,0,0,0,0,0,1,3,0,0,0,13,2,0,0,2,0,0,2,0,0,2,0,0,2,0,0,2,0,0,2,0,0,2,0,0,2,0,0,2,0,0,2,0,0,2,0,0,2,0,0,-1,-1,0,0,-1,-1,0,0,-1,-1,0,0,-1,6,0,0,0,0,0,0,6,0,15,14,12,10,8,120,129600,0,0,0,0,-1,0,0,0,0,0,0,1,0,0,0,-1,0,0,0,0,0,1,-1,A place to store collectibles.,542,-1,-1,36700192,"no lvlup, no valuable effect, no around effect, special facility"
241,Fishing Pond,103,10,6,0,50,0,0,40,0,6,0,500,0,0,280,0,2,1,1,-1,0,-1,0,,,,-1,240,5,500,0,0,1000,4,0,0,22,1,3,0,5,5,13,2,0,0,2,0,0,2,0,0,2,0,0,2,0,0,2,0,0,2,10,90,2,0,0,2,5,90,2,0,0,2,0,0,2,5,90,2,15,90,0,20,5,25,-1,-1,0,0,-1,-1,0,0,7,6,0,0,0,0,0,0,6,0,15,14,12,10,8,120,129600,0,0,0,0,-1,0,0,0,0,3,3,2,0,0,0,-1,0,0,0,0,50,2,-1,A place to catch fish.,543,-1,-1,1048672,"no lvlup, belong, no valuable effect"
242,Flying Carpet,45,10,6,0,0,0,10,0,10,6,0,0,0,80,0,60,2,1,1,-1,0,-1,0,,,,-1,720,5,500,0,0,0,0,0,0,0,1,3,0,0,0,13,2,0,0,2,0,0,2,0,0,2,0,0,2,0,0,2,0,0,2,0,0,2,0,0,2,0,0,2,0,0,2,0,0,2,0,0,2,0,0,0,21,5,25,-1,-1,0,0,-1,-1,0,0,-1,6,0,0,0,0,0,0,6,0,15,14,12,10,8,120,129600,0,0,0,0,-1,0,0,0,0,0,0,1,0,0,0,-1,0,0,0,0,0,1,-1,A place to ride flying carpets.,-1,-1,2,3145760,"no lvlup, no valuable effect, no around effect"